app_name,user_name,rating,review_text,review_time,app_version
Blinkit,Wasim Shaikh,5,nice,2026-08-16 23:02:52,18.19.0
Blinkit,Mayuri Jadhav,5,excellent 👌,2026-08-16 23:02:26,18.15.0
Blinkit,Julie,3,packaging is not good product was very dirty,2026-08-16 23:02:09,18.19.0
Blinkit,SURGYAN GURJAR,5,good 👍,2026-08-16 23:00:58,18.3.0
Blinkit,Afsar Khan,5,Nice,2026-08-16 23:00:06,18.19.0
Blinkit,Sura Venkata Ramana reddy,4,platform fees,2026-08-16 23:00:02,18.19.0
Blinkit,prashant bhalerao,5,Exllent Service 👍👍,2026-08-16 22:59:56,18.19.0
Blinkit,Kasim Vali,2,cooling items not cold,2026-08-16 22:58:20,18.19.0
Blinkit,Javed Patel,5,fastest delivery I've ever experienced,2026-08-16 22:57:53,
Blinkit,rajesh murmu,1,bad service...,2026-08-16 22:57:20,18.19.0
Blinkit,neo sonka,5,good service,2026-08-16 22:56:56,18.19.0
Blinkit,Kamil Malik,5,Kamil Malik nice good 😊,2026-08-16 22:55:59,18.13.0
Blinkit,Arjun Singh,5,👍🏻,2026-08-16 22:53:44,18.19.0
Blinkit,Poonam Nagar,3,good but delivery riders is very rude,2026-08-16 22:53:10,18.9.3
Blinkit,Sharavana M,5,in order successful in reaching for order in full critical condition now in emergency for this is blink it for very good blink it hello bring it for this is my blink it for medical kit or so anything ATMs for this is my leg treatment of for this is my coupon please for promoter promotion of bring it for this is my oven typing,2026-08-16 22:52:27,
Blinkit,Ashapak Abbas Raut,5,best,2026-08-16 22:50:25,18.15.0
Blinkit,Akhand Tripathi,5,very good service The one thing I want to change is that every child item has to be in a separate plastic bag because your paper bag melts.,2026-08-16 22:49:39,17.79.1
Blinkit,rajeev kumar,1,very bad experience,2026-08-16 22:49:28,18.19.0
Blinkit,Aditya Lande,5,जेता,2026-08-16 22:48:33,18.15.0
Blinkit,vijay bavaliya,5,pan ama balck beast no creatine nathi avtu,2026-08-16 22:47:42,18.19.0
Blinkit,Anurag Kumar,3,very nice,2026-08-16 22:47:08,18.19.0
Blinkit,Sandeep Kumar,5,this is a very interesting app and this app is provided delivery very fast,2026-08-16 22:46:15,18.19.0
Blinkit,Abdul samad Saifi,3,Good,2026-08-16 22:46:07,18.19.0
Blinkit,Narasingha Padhy,5,nice,2026-08-16 22:45:57,18.19.0
Blinkit,Fatima Khan,1,delivery costs way to much,2026-08-16 22:43:23,18.19.0
Blinkit,Manmeet Sharma,5,Awesome. Great Service,2026-08-16 22:43:15,18.19.0
Blinkit,Anahita Sangal,4,it's safe and nice 👍,2026-08-16 22:43:01,18.7.0
Blinkit,Tarannum,5,so good,2026-08-16 22:42:57,18.19.0
Blinkit,Vikash Kumar,5,please sent change money I have currency note 500,2026-08-16 22:42:53,18.19.0
Blinkit,Sandip kumar Manna,3,support channel and faster customer resolution needs to improve,2026-08-16 22:42:43,18.19.0
Blinkit,Muthu Krishna,5,good,2026-08-16 22:42:20,
Blinkit,Khan Khan,5,nice,2026-08-16 22:42:00,18.19.0
Blinkit,Preeti Yadav,5,great timing to good,2026-08-16 22:41:52,18.19.0
Blinkit,Balram kumar,5,namaste,2026-08-16 22:39:54,18.19.0
Blinkit,Namrata Jaiswal,1,never deliver on time,2026-08-16 22:39:46,18.9.3
Blinkit,Suman paul,5,nice,2026-08-16 22:39:33,18.19.0
Blinkit,Nakul Singh,3,good 👍App,2026-08-16 22:38:53,18.19.0
Blinkit,Shivam pandit,1,i order button rose they sen bettels very i order again from this app ajj ka baad ma kuch saman nhi magaunga koi bhi order mat karana,2026-08-16 22:38:41,18.19.0
Blinkit,Arvind Parmar,5,👍,2026-08-16 22:38:35,18.19.0
Blinkit,ravi verma,5,"gr8,fast service",2026-08-16 22:38:00,18.19.0
Blinkit,Sebastian Shailesh John,5,"good, timely delivery.",2026-08-16 22:34:07,18.19.0
Blinkit,Sartaj Singh gill,1,service is too slow,2026-08-16 22:33:43,18.19.0
Blinkit,NANDINI TIWARI,5,niceee,2026-08-16 22:33:18,18.19.0
Blinkit,Slok,5,best,2026-08-16 22:32:56,18.19.0
Blinkit,Yogendra singh Parihar,5,thoda jyada time laga deta liken this is good application for order something,2026-08-16 22:32:25,18.15.0
Blinkit,Upendar Kumar,5,good,2026-08-16 22:32:09,17.87.0
Blinkit,Pratima Mishra,1,poor customer service they don't even admit their mistake and don't change the product and the price of product is Higher than the market,2026-08-16 22:31:29,18.15.0
Blinkit,Sumit Sharma,1,Sade hue pyaj fungus Lage hue black colour ke iske side effect Hai body mein yah khane layak nahin Hai ab return bhi karo to mujhe naya order naya lagana padega khana banane ke liye ek ghanta aur vate karna padega yah to bekar services Hui,2026-08-16 22:29:14,18.19.0
Blinkit,Arnav Mishra,1,very much charges,2026-08-16 22:28:49,18.19.0
Blinkit,Nandan Gupta,5,perfect,2026-08-16 22:26:36,18.19.0
Blinkit,Alessandra de Abreu,5,So helpful. Genius idea!,2026-08-16 22:26:19,18.19.0
Blinkit,Shaileshanjana Singh,5,Nice,2026-08-16 22:23:54,
Blinkit,Garima Choudhary,3,good,2026-08-16 22:20:04,18.19.0
Blinkit,Gul Batra,4,nice service,2026-08-16 22:18:49,18.19.0
Blinkit,Pradeep Kumar Pandey,1,duplicate products,2026-08-16 22:17:51,18.15.0
Blinkit,Deepak Kumar,5,thankas,2026-08-16 22:15:28,18.19.0
Blinkit,Lovepreet Singh,5,I love this app very much ♥️♥️♥️♥️♥️,2026-08-16 22:15:01,18.19.0
Blinkit,Jyoti Gauda,3,good,2026-08-16 22:14:00,18.19.0
Blinkit,harender phogaat,5,very precious online platform..! quick delivery with 100% satisfaction rate ..!!,2026-08-16 22:12:28,18.15.0
Blinkit,WelkinRoof,5,I love it blinket for emerjency,2026-08-16 22:11:52,17.99.1
Blinkit,Kapoorchand,1,ye app itna bekaar hai na 10 baje ice cream order kar rha hu sab unavailable dikha rha hai,2026-08-16 22:11:42,18.19.0
Blinkit,Sonu Sen,5,good blinkit,2026-08-16 22:09:09,18.15.0
Blinkit,Mohit Shaw,1,upgrade give free delivery no handeling charges and delivery services not good rider don't want to deliver goods at home they told to receive product in road,2026-08-16 22:07:22,18.15.0
Blinkit,Sarwan kapil,5,best,2026-08-16 22:07:07,18.19.0
Blinkit,Sakshi Saini,1,I have received melted ice cream why you guys do not reply over the mail and also you do not provide the solution over the support blinkit chat I want my refund or any further solutions why you guys generate ai chat again and again and closed the chat everytime,2026-08-16 22:07:01,18.19.0
Blinkit,Adityabhiram Jammalamadaka,5,super service 👌,2026-08-16 22:06:55,18.19.0
Blinkit,Rahul Kumar,5,very good 👍,2026-08-16 22:04:55,18.15.0
Blinkit,Nishu Khan,5,such a great grocery app. 😊,2026-08-16 22:04:48,17.73.1
Blinkit,Anand Jaiswal,5,excellent 👍 service,2026-08-16 22:04:00,18.7.0
Blinkit,Siddu K,5,ok,2026-08-16 22:03:57,18.19.0
Blinkit,poonam dhoot,1,ordered atom are get cancelled from they gives us return after 3 4 days customer care service,2026-08-16 22:03:39,18.19.0
Blinkit,Rajesh Kumar,1,they gave us spoiled milk,2026-08-16 22:01:49,18.15.0
Blinkit,Vipin Kumar,5,"Blinkit की सर्विस काफी अच्छी और सुविधाजनक लगी। ऑर्डर करना आसान है, डिलीवरी तेज़ मिलती है और सामान भी अच्छी पैकिंग के साथ समय पर पहुँचता है। रोज़मर्रा की जरूरतों के लिए Blinkit एक भरोसेमंद और समय बचाने वाला विकल्प है।",2026-08-16 22:01:46,18.19.0
Blinkit,Siddheshwar Kawale patil,5,छान आहे,2026-08-16 22:01:26,18.19.0
Blinkit,Sugandha Shukla,4,my experience was nice 💯 and there's no delivery charges on above 150 or 100 and once a time i ordered something and it didn't came and the delivery charges added that was not good experience but although its a very nice app and I am happy with this,2026-08-16 22:01:04,18.19.0
Blinkit,stuntride forever,5,good,2026-08-16 21:59:44,18.15.0
Blinkit,rajeshwar dogra,5,fine,2026-08-16 21:59:02,
Blinkit,Dileep Jaiswal,5,nice,2026-08-16 21:58:18,18.19.0
Blinkit,Vanitha Senthil,5,genuinely amazing,2026-08-16 21:58:13,18.19.0
Blinkit,Roshna S,1,it's too costly,2026-08-16 21:58:11,18.19.0
Blinkit,Sajid Ali,1,nice,2026-08-16 21:56:11,18.19.0
Blinkit,Mayank mewara,5,very very very good app,2026-08-16 21:56:07,18.15.0
Blinkit,KIRAN SALUNKHE,5,excellent service,2026-08-16 21:53:59,18.19.0
Blinkit,rohan dhar,4,item prices but high as compared to other apps,2026-08-16 21:53:59,18.19.0
Blinkit,Veer Chauhan,1,order did not complete... Thief's are delevery boy,2026-08-16 21:51:44,18.9.3
Blinkit,NILESH DIGHOLE,5,very good service by blinkit,2026-08-16 21:51:23,
Blinkit,Mona Don,5,good,2026-08-16 21:51:12,18.19.0
Blinkit,Aruna S,5,Good service,2026-08-16 21:50:45,18.19.0
Blinkit,shri birajdar,5,good,2026-08-16 21:50:22,18.19.0
Blinkit,SUKHPREET Gulati,5,very good app no extra charge also fast deleivery,2026-08-16 21:50:13,18.19.0
Blinkit,Anjali Mishra,5,dilvery is very good ❤️❤️❤️❤️❤️❤️❤️🥰🥰🥰🥰🥰🥰🥰🥰🥰,2026-08-16 21:49:42,18.15.0
Blinkit,Sahu Nilesh,5,very good Work,2026-08-16 21:49:23,18.19.0
Blinkit,mohammad khalidrashid,1,mera refund nahi aya aur sarvice wale se bhi baat nahi ho rahi hai,2026-08-16 21:48:34,18.19.0
Blinkit,Simmi NS,5,very best aap,2026-08-16 21:47:27,
Blinkit,Malarvizhi R Malar,5,good👍💯,2026-08-16 21:47:21,18.19.0
Blinkit,Anand Mothkuri,1,waste app ever in my life 🤮🤢,2026-08-16 21:47:18,18.19.0
Blinkit,Asif Malik,5,good,2026-08-16 21:47:06,18.15.0
Blinkit,A Bhattacharya,5,Reliable,2026-08-16 21:46:54,18.19.0
Blinkit,Satish Babu Pattem,5,GOOD,2026-08-16 21:45:53,18.19.0
Blinkit,Satyam Patel,5,so good,2026-08-16 21:45:11,
Blinkit,rohan diwa,1,Worst service ever deliver wrong product and dos'nt replace product,2026-08-16 21:45:06,18.15.0
Blinkit,tanisha Gupta,1,weird charges,2026-08-16 21:43:36,18.19.0
Blinkit,Mukesh Kumar,5,good service,2026-08-16 21:43:23,18.15.0
Blinkit,Manoj Kapade,5,great,2026-08-16 21:43:17,18.15.0
Blinkit,RAM NARESH (BAGHEL),3,dilivery charge extra,2026-08-16 21:42:52,18.19.0
Blinkit,Devanshi Saxena,5,very good service,2026-08-16 21:42:48,
Blinkit,Abhijit Sharma,3,Inflated prices on few items.,2026-08-16 21:42:29,18.15.0
Blinkit,Rahul Chaurasiya,5,good,2026-08-16 21:41:09,18.19.0
Blinkit,Mousumi Ghosh,5,Nice work,2026-08-16 21:39:31,18.15.0
Blinkit,Prashant Dubey,5,Excellent Service,2026-08-16 21:38:26,18.15.0
Blinkit,Zeenat Sagar,1,I have received all my ice-cream and cone in bad and melt condition,2026-08-16 21:37:47,
Blinkit,Rohan Raghuvir,5,awesome,2026-08-16 21:37:44,18.15.0
Blinkit,vishal patel,5,superb,2026-08-16 21:37:42,18.15.0
Blinkit,Nitish Singh,5,👌,2026-08-16 21:37:07,18.19.0
Blinkit,Hanifa Saifi,5,my blinkit bohut best😃,2026-08-16 21:35:51,
Blinkit,Suraj Singh rawat,5,good service 👍,2026-08-16 21:35:41,18.15.0
Blinkit,Srijani Pal,1,"Absolutely horrible service in Navi Mumbai. Idk if it's a location thing but when earlier the delivered products always came in pristine condition. I mostly order ice creams from them and some last minute essentials if needed. Everytime the ice creams were delivered in horrible condition, all melted and mushed up and sometimes swapped with other products. They dump everything in one bag and send the delivery boys with it. Extremely bad experience. They even charge handling fees and for WHAT?!",2026-08-16 21:35:26,18.19.0
Blinkit,Kandarapu Kotilingam,5,good service great prese,2026-08-16 21:34:20,18.19.0
Blinkit,Dipti R Patel,4,nice,2026-08-16 21:31:47,
Blinkit,Sagar Chaugule,4,ok,2026-08-16 21:31:08,
Blinkit,Sachin Bullet,5,nice,2026-08-16 21:30:52,18.13.0
Blinkit,Arjun Parihar,5,All right,2026-08-16 21:30:32,17.97.3
Blinkit,techno somu,5,fast delivery,2026-08-16 21:29:54,18.19.0
Blinkit,Pranjal Pradhan,5,soo good for gift courier,2026-08-16 21:29:02,18.19.0
Blinkit,Swati Singh,3,need more perfection,2026-08-16 21:28:55,18.19.0
Blinkit,Ankit Patel,5,nice app fpr grocery purchase nice offers on E payments cards UPI etc,2026-08-16 21:28:03,18.19.0
Blinkit,Vini Malhotra,5,very nice delivery fast nd good,2026-08-16 21:27:31,18.19.0
Blinkit,Parveen Das,5,good,2026-08-16 21:27:20,18.19.0
Blinkit,Rangaswamy Ranga,5,in time delivery,2026-08-16 21:26:34,18.19.0
Blinkit,Prabhat Kashyap,4,nice,2026-08-16 21:26:14,18.19.0
Blinkit,Dhami Singh,5,amazing experience,2026-08-16 21:25:54,18.19.0
Blinkit,relaxry,2,zepto is like 100 rs cheaper so much handling charges surge charges,2026-08-16 21:25:38,
Blinkit,Praveen Shah,4,good,2026-08-16 21:25:09,18.19.0
Blinkit,Abdulrahman Mohammed,4,rice need sona masuri,2026-08-16 21:24:30,18.19.0
Blinkit,Junaid Mohammed,5,Good service,2026-08-16 21:23:28,18.19.0
Blinkit,Khushi Verma,5,all services are good 👍🏻,2026-08-16 21:23:05,18.15.0
Blinkit,Humaira Tanweer,1,bad,2026-08-16 21:22:59,18.15.0
Blinkit,Hardeep Singh,5,i love you 😘,2026-08-16 21:21:36,18.19.0
Blinkit,Vipin Shivnani,5,ok,2026-08-16 21:21:25,18.19.0
Blinkit,Saloni Chandravanshi,5,good 😊,2026-08-16 21:20:52,18.19.0
Blinkit,Siddhant Pawar,5,😊,2026-08-16 21:20:40,18.19.0
Blinkit,Montu Debnath,5,good,2026-08-16 21:20:37,18.19.0
Blinkit,Mahir Jiva,1,this app delevery char every oder about 100 oder leah charge,2026-08-16 21:20:26,
Blinkit,kalia ankush,5,product was in good condition but delivery man is not in good mood to deliver on my place i meen to say my address so it's not as much good as I think. thank you so much,2026-08-16 21:20:16,18.19.0
Blinkit,chandan singh,4,okay,2026-08-16 21:19:11,18.19.0
Blinkit,Nandhu Shadow,5,🤌🏽,2026-08-16 21:18:50,18.19.0
Blinkit,Priti Singh,5,nice,2026-08-16 21:18:42,18.19.0
Blinkit,Shallu Badyal,5,hmm that's a good app and I any issue with oder coustomer care help imidately,2026-08-16 21:18:41,18.19.0
Blinkit,Chaitra Shree,5,add a better locating system where we can choose our location by locating directly on a map,2026-08-16 21:18:33,18.19.0
Blinkit,Prince Kumar,5,good,2026-08-16 21:18:14,18.19.0
Blinkit,Moumita Mukherjee,4,good,2026-08-16 21:18:06,18.19.0
Blinkit,Dileep Kumar,1,nothing first time pb,2026-08-16 21:18:01,18.19.0
Blinkit,Surbhi Rani,5,very useful aap for all people,2026-08-16 21:16:56,
Blinkit,Akshay Kapil,5,I am waiting for the ambulance service in Himachal. Anyways 5/5 for blinkit. They are doing a great job. Keep it up and guyz you just cracked the code. God bless you ❤️❤️❤️,2026-08-16 21:16:31,18.19.0
Blinkit,sd.gaming,4,good,2026-08-16 21:16:11,18.19.0
Blinkit,Surjeet Sukla,1,maine is app se suitcase order kiya gift me dene ke liye par jaise hi gift receiver ne open kiya to uska handle tuta hua nikla very bad service provided by this app koi bhi ise download karke inki service pe bharosa mat karna.,2026-08-16 21:16:09,18.19.0
Blinkit,rajeev kumar singh,5,excellent,2026-08-16 21:15:56,18.3.0
Blinkit,Deepak Sharma,5,good,2026-08-16 21:15:41,18.15.0
Blinkit,Virendra Singh,5,most use full app,2026-08-16 21:14:23,18.15.0
Blinkit,SHARATH KUMAR,3,good 👍 diffusion jss hh bigg,2026-08-16 21:14:07,18.19.0
Blinkit,Yashi Gupta,2,very slow delivery,2026-08-16 21:13:50,18.19.0
Blinkit,sonia sharma,5,Great,2026-08-16 21:13:31,18.19.0
Blinkit,Rupesh Chaudhary,5,good work,2026-08-16 21:13:04,18.13.0
Blinkit,PARWEZ AHMAD,5,nice,2026-08-16 21:12:42,18.3.0
Blinkit,MANOJ KUMAR BAMANAVAT,5,एक्सीलेंट सर्विसेज।,2026-08-16 21:12:34,
Blinkit,Vishal Kumar,5,good 👍,2026-08-16 21:12:08,18.19.0
Blinkit,Greety Sharma,5,my onstop needs friend..,2026-08-16 21:11:41,
Blinkit,AAdarsh Srivastava,5,best service in my city,2026-08-16 21:10:33,18.19.0
Blinkit,Rinku Rayansh,1,this app is disgusting don't buy anything from this app all are fraud people they delivered rotten product everytime and all their refund policy is disgusting,2026-08-16 21:10:00,
Blinkit,AJAY WADAL,1,"**Very Disappointing** I have been using Blinkit for a long time, but this experience was disappointing. I searched for “Mylo” in the search box. The exact Mylo product was shown along with related products, but a related product appeared first. I trusted the search results and assumed the first result was the exact product I searched for, so I placed the order. Later, I realized it was a different product, and unfortunately, it was not replaceable. Blinkit should improve its search accuracy.",2026-08-16 21:09:46,18.15.0
Blinkit,Nidhi Tibrewal,5,delivery is awesome and it is very fast🫡🫡,2026-08-16 21:09:16,18.19.0
Blinkit,Variben Cholaviya,5,best service,2026-08-16 21:09:08,17.73.1
Blinkit,ANSUMAN SINGH,5,blinkit delivery boy is very kind 🌟🌟🌟🌟🌟,2026-08-16 21:08:50,18.19.0
Blinkit,Sameer Singh,1,"bad location,and delivery service",2026-08-16 21:08:34,18.19.0
Blinkit,Wasim Akram,5,good,2026-08-16 21:07:17,18.15.0
Blinkit,Sonu Kumar,5,good,2026-08-16 21:06:30,18.15.0
Blinkit,krishan kant,2,easy,2026-08-16 21:04:27,17.91.0
Blinkit,Dark op,1,items are missing in that bag thay didn't refund u 😞,2026-08-16 21:03:47,18.15.0
Blinkit,PR HEMESWAR RAJ,4,Good 👍,2026-08-16 21:03:27,18.19.0
Blinkit,Pallavi Patil,5,wel,2026-08-16 21:03:10,18.19.0
Blinkit,Arjun Khanna,5,it's a very good,2026-08-16 21:03:09,18.7.0
Blinkit,Ayushi Verma,1,"Very bad experience. This is not the first time this has happened to me. Every time, items worth ₹15–20 are missing from my order. I have also faced this issue before, even when the bag is completely sealed. I am extremely disappointed and will never order from here again.",2026-08-16 21:02:59,
Blinkit,Siddharth Vaghela,5,my all order is complete nys dilivery,2026-08-16 21:02:47,18.19.0
Blinkit,Abhishek Kharra,1,"from one of my account I ordered something, money credited but order failed. on the app they was given two refund dates but still not Abel to get my money back... well done, jis tarah aap logo ke paise le rhe h us hisab se kya apne shares bhi de rhe ho kya??",2026-08-16 21:02:16,18.19.0
Blinkit,Anita Mourya,5,"Good , Better <<<<<<< Best forever 🤤🫶.",2026-08-16 21:02:10,
Blinkit,Pushpalata Tiwari,5,it give good update of delivery boy,2026-08-16 21:01:50,18.19.0
Blinkit,Mirza Rizwan Ali Baig,1,"they are no more 10-minute delivery i ordered ice cream, and it took almost 1 hour to deliver and all ice cream were melted totally waste of money",2026-08-16 21:00:54,18.15.0
Blinkit,sadhana nedumaran,5,penniyvise varom it laa yanga annan peru blinkit laa blinkit annan payaluga daa akoduramaaa vaaaa soooooo vvvvcc,2026-08-16 20:59:48,18.19.0
Blinkit,Namrata Jadav,5,Best application for ordering anything and everything.,2026-08-16 20:58:58,18.15.0
Blinkit,Rishabh Kundra,5,mere wale store se hi a Raha h,2026-08-16 20:58:37,18.19.0
Blinkit,Naga Prasad,5,good sir,2026-08-16 20:58:34,
Blinkit,CHANDRA SEKHAR,5,good,2026-08-16 20:58:12,18.19.0
Blinkit,Himayat Pathan,5,please available cash on delivery this month you improve it abhi tak order aaya nahin Hai order aane ke bad review Le Lo ek,2026-08-16 20:58:03,18.7.0
Blinkit,Manoj Saraswat,5,good 👍,2026-08-16 20:58:01,18.19.0
Blinkit,Isha Dharia,2,very high price it has for everything and it takes lots of delivery charges and we can't buy anything less than 100rs which is not fair at all wht if a person wants something less than hundred rupees but the product is good for which I gave 2 stars!!,2026-08-16 20:57:51,18.19.0
Blinkit,Shahnawaz Khan,2,i am very happy,2026-08-16 20:57:47,18.19.0
Blinkit,Jaydip Bankar,5,nice 👏🏻,2026-08-16 20:57:39,18.13.0
Blinkit,Chirag Kumar,5,good delivery,2026-08-16 20:57:34,18.19.0
Blinkit,Anita Bajpai,5,best 👍 blinkit,2026-08-16 20:56:48,18.19.0
Blinkit,ADiTYA JAYBHAYE,5,Good. Deliver on Time..👍,2026-08-16 20:56:37,18.19.0
Blinkit,Amin Memon,5,જલ્દી લેકે આના,2026-08-16 20:56:32,18.19.0
Blinkit,Prakhar Kumar,5,Preity good,2026-08-16 20:56:30,18.19.0
Blinkit,Shiva Prasad,5,good,2026-08-16 20:56:10,18.15.0
Blinkit,sanjay maharaj,5,excellent service. Keep it up,2026-08-16 20:56:06,18.19.0
Blinkit,Chiranth. K,5,nice,2026-08-16 20:55:30,18.19.0
Blinkit,Ravikumar Dp,5,super,2026-08-16 20:54:41,18.19.0
Blinkit,Usha Patkar,5,very good service,2026-08-16 20:54:27,18.19.0
Blinkit,Gaurav Anuragi,4,👍,2026-08-16 20:54:06,18.19.0
Blinkit,Manasa Jala,5,nice,2026-08-16 20:53:03,18.19.0
Blinkit,Anuradha Verma,5,very fast app and fresh things not broken i ordered ice cream 3 time it was fresh and tasty,2026-08-16 20:52:30,18.19.0
Blinkit,Varshini,1,not gud offers,2026-08-16 20:51:47,18.19.0
Blinkit,Prinkal Sareen,4,Nice blinkit app and their delivery is also fast thanks Blinkit 👍,2026-08-16 20:51:01,18.19.0
Blinkit,Muthukumar Mallika,4,good work,2026-08-16 20:49:28,18.19.0
Blinkit,Shivakumar MG,5,👍,2026-08-16 20:49:24,18.19.0
Blinkit,Debakanta Sahoo,5,exlent,2026-08-16 20:49:06,18.19.0
Blinkit,hindustani gamer kp,5,best app but some times the extra charges occurs but good aap,2026-08-16 20:49:06,18.9.3
Blinkit,Gurdeep Singh,5,very good,2026-08-16 20:48:59,18.19.0
Blinkit,Onkar Singh,4,good👍👍👍👍,2026-08-16 20:47:19,18.19.0
Blinkit,Ajay Kumar,5,Great,2026-08-16 20:46:52,
Blinkit,Swati Khajuria,1,a lot of times they charge the entire amount you've placed your order for but failed to send all items and later on refuse to refund,2026-08-16 20:46:39,18.19.0
Blinkit,Aarti Jadav,5,best service,2026-08-16 20:46:39,18.15.0
Blinkit,Poonam Panchariya,5,good,2026-08-16 20:46:06,18.15.0
Blinkit,Sharmila Dessai,4,good but needs to add more variety in badminton's and grips,2026-08-16 20:45:17,18.13.0
Blinkit,Rekha Paswan,5,vaise achcha to Hai bus 100₹ rover ka saman free mein de do,2026-08-16 20:43:50,
Blinkit,minj amit,5,Best,2026-08-16 20:43:36,18.15.0
Blinkit,Bhanu pratap jatav,5,okay 👍,2026-08-16 20:43:31,18.15.0
Blinkit,Kiran Verma,4,The app is good It's very easy for old people to use. But there's good problem that the partners have responsible for dutvy,2026-08-16 20:43:09,18.19.0
Blinkit,Hem Lata,4,nice,2026-08-16 20:42:53,18.19.0
Blinkit,Gamer boy ankit 2,1,if we have any issue there is not any customer service to contact,2026-08-16 20:42:25,18.15.0
Blinkit,ASHISH KUMAR,2,bad costumer service ⚰️🥀,2026-08-16 20:42:21,18.19.0
Blinkit,Ritish Kochar,5,good app for grocery 👍👍,2026-08-16 20:40:44,18.19.0
Blinkit,Durgi Kumari,4,good service,2026-08-16 20:40:33,18.19.0
Blinkit,Kunal Panchal,5,awesome,2026-08-16 20:40:26,18.19.0
Blinkit,Adv Deepak Singh,5,awesome Fast service with 99% non returnable and no issue service and also till now 16.august 2026 i did not find any issue in any product while I ordered approximately daily..,2026-08-16 20:40:08,18.19.0
Blinkit,Ashabari Nayak,5,Carry on,2026-08-16 20:40:05,18.19.0
Blinkit,Kavitha Narala,5,Good for instant delivery,2026-08-16 20:38:57,18.15.0
Blinkit,sangeeta chavan,5,fast service,2026-08-16 20:38:45,18.19.0
Blinkit,Maxi Yadowanshi,5,Great Service 👍,2026-08-16 20:37:39,18.15.0
Blinkit,Mohit SAB,4,make vegetables more affordable it's price is too high,2026-08-16 20:37:06,18.19.0
Blinkit,Parmesh Kumar,5,I really appreciate this app because it helps us a lot .,2026-08-16 20:36:55,18.15.0
Blinkit,Rik Pal,5,👍,2026-08-16 20:36:04,18.15.0
Blinkit,Lakhan Kumar,5,ok,2026-08-16 20:35:36,18.19.0
Blinkit,Krishna Krish,5,good,2026-08-16 20:35:23,18.19.0
Blinkit,Nadim Ghanchi morbi,5,good work,2026-08-16 20:35:12,18.19.0
Blinkit,Mohammmed Saleem,5,good,2026-08-16 20:35:10,
Blinkit,sneha raj,5,Nice service,2026-08-16 20:34:46,18.19.0
Blinkit,Soumyaranjan Rath,1,"very bad delivery, all products spillage",2026-08-16 20:34:31,18.15.0
Blinkit,Sudhakar Chintha,5,good,2026-08-16 20:34:30,18.15.0
Blinkit,Sajan Chhetri,1,horrible,2026-08-16 20:33:47,18.9.3
Blinkit,Alisha Ahuja,1,"today I ordered one of the #typsy co. lipbalm / lipstick and the upper part was broken and I complaint for the same that without that how I will be able to apply the product, though the and received was , However, we are the service provider and not the manufacturer. Regarding this issue, we kindly request that you contact the brand company, as they will be able to provide you with the appropriate resolution or information. then why you all there, what you guys are for ?",2026-08-16 20:33:37,18.19.0
Blinkit,Suhail Earath,1,They can't provide resolutions to damaged products sold by them.,2026-08-16 20:33:11,18.19.0
Blinkit,Mohit Vaid,2,products not upto mark,2026-08-16 20:32:42,18.19.0
Blinkit,Neha Singh,5,this is so nice ❤️😍,2026-08-16 20:31:56,18.13.0
Blinkit,kuldeep kashyap,1,Today I placed an order of a bottle of shampoo and it was totally leaked and more than half bottle is empty. I requested to change the order or to refund the payment. but they didn't took any step for us. From today onwards I'm not going to purchase any item from blinkit ever and I will recomment my all known as well not to buy anything from blinkit. Totally worst service.,2026-08-16 20:31:10,
Blinkit,Gollo Gollo,5,good,2026-08-16 20:31:00,18.15.0
Blinkit,Prateek Ranjan,5,it is very good to use and very fast delivery,2026-08-16 20:30:12,
Blinkit,Aditya Pandey,3,best,2026-08-16 20:29:59,18.15.0
Blinkit,MOHAMED AZARDEEN ABDUL,4,good,2026-08-16 20:29:58,18.15.0
Blinkit,Amit Kumar,1,badi,2026-08-16 20:28:58,18.19.0
Blinkit,PRITESH SINGH TANWAR,5,thank you,2026-08-16 20:28:31,18.19.0
Blinkit,Satvinder singh Sant,5,very nice service and best app,2026-08-16 20:28:25,18.9.3
Blinkit,Bin subba,5,best for instant need and easiest way to payment or service and their support team is so responsive.,2026-08-16 20:25:54,18.19.0
Blinkit,Partha Pratim Baishya,1,i trying to order all items but payment options third class 😕,2026-08-16 20:25:30,18.19.0
Blinkit,Ankitraj Yadav,5,good,2026-08-16 20:24:51,18.13.0
Blinkit,Ketan Deshpande,1,Pathetic service and experience - Items missing in order and not getting response / refund,2026-08-16 20:24:50,18.19.0
Blinkit,Mukesh Mihir Saigal (Mihir Ekta Saigal),5,nice,2026-08-16 20:24:34,
Blinkit,Mohammad Usman Rasheed,5,Best app,2026-08-16 20:24:03,18.19.0
Blinkit,Pinakin Chaudhari,4,"nice good and fast delivery,I like it",2026-08-16 20:22:08,18.19.0
Blinkit,Selva Kumar,5,good,2026-08-16 20:21:14,18.19.0
Blinkit,Rama Potnuru,5,hope I get Harry potter kinderjoy,2026-08-16 20:20:32,
Blinkit,Ganapati gopili,5,good service,2026-08-16 20:20:17,18.19.0
Blinkit,Amrin Gurjar,5,Good,2026-08-16 20:20:13,17.85.0
Blinkit,Riya Paul,5,Convenient option for home delivery.,2026-08-16 20:18:57,18.19.0
Blinkit,Monika,5,helpful,2026-08-16 20:18:29,18.15.0
Blinkit,Mahendar166 “mahendar kumar” 9880069534,5,super,2026-08-16 20:17:28,18.15.0
Blinkit,Vishnu Vinod kumar,1,worst experience there is no response from customer care. they are working only from 9am to 7am so they can't response to our messages,2026-08-16 20:17:28,
Blinkit,Vipin Joshi,5,Nice,2026-08-16 20:17:06,18.19.0
Blinkit,Jyoti,5,nice,2026-08-16 20:16:32,18.19.0
Blinkit,Faiyza Khan,2,best service,2026-08-16 20:15:27,18.19.0
Blinkit,dhiresh chauhan,5,Excellent Service...👍,2026-08-16 20:15:11,18.15.0
Blinkit,Ghanshyam banjara,5,I am happy to blinking good service,2026-08-16 20:13:47,18.15.0
Blinkit,sushil kalra,3,expensive than others,2026-08-16 20:13:45,
Blinkit,Angshu Barman,1,Verry Verry Bad Costomar Service My Oder Oil Pkt Damage But Not For Changed 👎👎👎👎,2026-08-16 20:13:24,18.9.3
Blinkit,Shabaz Khan,5,ok,2026-08-16 20:12:11,18.15.0
Blinkit,RAVI SHRIVASTAV,5,good,2026-08-16 20:09:33,18.19.0
Blinkit,Somesh Kuwar,5,best service,2026-08-16 20:08:40,18.19.0
Blinkit,Roopal Mishra,4,Good,2026-08-16 20:08:38,18.15.0
Blinkit,Monam Thakur,1,so bad,2026-08-16 20:07:59,18.15.0
Blinkit,Kunal Kumar,5,amazing 🤩,2026-08-16 20:07:56,18.19.0
Blinkit,Bharath H R,5,good,2026-08-16 20:07:54,18.19.0
Blinkit,Babu Nath,4,thank you,2026-08-16 20:07:37,
Blinkit,jakata saritha,5,good,2026-08-16 20:07:37,18.19.0
Blinkit,Divya Chauhan,5,Excellent app and life saviour app for those who are working and doesnt find enough time to visit market to purchase groceries,2026-08-16 20:07:06,18.15.0
Blinkit,LIKITHSAI Vysyaraju,3,delivery charges high 📈,2026-08-16 20:06:25,18.19.0
Blinkit,odisha gameing,5,nice,2026-08-16 20:06:04,18.15.0
Blinkit,RINKU KUMAR,5,good,2026-08-16 20:05:06,17.83.4
Blinkit,Priyanshu Dwivedi,5,so amazing 😍🤩,2026-08-16 20:04:26,18.19.0
Blinkit,Niranjan Borate,1,"Rats found in their warehouses in the audit, not recommended. Very unhygienic!",2026-08-16 20:04:22,17.95.3
Blinkit,shivam gupta,2,good,2026-08-16 20:04:05,18.15.0
Blinkit,MOHIT SHARMA,5,nice aap,2026-08-16 20:03:26,18.15.0
Blinkit,ritupon Saikia,5,nice 👍,2026-08-16 20:03:08,18.19.0
Blinkit,KL Rahul,5,sahi lga dobara krenge order,2026-08-16 20:02:57,18.15.0
Blinkit,Arup Mondal,1,Night lamp is not working.,2026-08-16 20:02:32,18.19.0
Blinkit,Amit Balotra,4,very good app,2026-08-16 20:02:20,18.19.0
Blinkit,सचिन जैन,1,not proper support very bad service,2026-08-16 20:02:19,18.19.0
Blinkit,Raja sadangi,5,good,2026-08-16 20:02:12,18.19.0
Blinkit,Saurabh Shirke,2,nice,2026-08-16 20:01:00,18.19.0
Blinkit,Anil Kumar,5,Good 👍,2026-08-16 20:00:42,18.19.0
Blinkit,kiran bhat,5,prompt delivery good quality goods not missing like other platforms,2026-08-16 19:59:54,18.19.0
Blinkit,Priyanka Das,5,iamhappy,2026-08-16 19:59:50,
Blinkit,Let's talk,5,Awesome App 😃,2026-08-16 19:59:35,18.19.0
Blinkit,Atharv Tanpure,1,i placed order by mistake and they was not cancel my order after my multiple request within 1min of order placed,2026-08-16 19:59:29,
Blinkit,anuj gulati,1,very bad service. you are bounding a person to but even if he don't want to,2026-08-16 19:59:14,18.19.0
Blinkit,hivalemann2015 Hivale,4,good service,2026-08-16 19:59:14,18.19.0
Blinkit,Virushka Gupta,5,good,2026-08-16 19:59:06,18.19.0
Blinkit,AJAY SINGH,3,good service,2026-08-16 19:58:49,18.13.0
Blinkit,Sumangehlot sumangehlot,4,good 👍,2026-08-16 19:58:25,18.19.0
Blinkit,Amrendra kumar amar,5,excellent,2026-08-16 19:58:12,18.19.0
Blinkit,Vedha Karthikeyan,1,delivery partner location not available,2026-08-16 19:58:12,18.19.0
Blinkit,Soumik Debnath,5,nice,2026-08-16 19:57:09,18.15.0
Blinkit,Rahul Thakur,5,Good 👍🏼,2026-08-16 19:56:22,18.15.0
Blinkit,Lokesh Chauhan,1,My order was not delivered for 1 hour and refund It is taking me 3-5 days while the order is cancelled by blinkit so way my money stack in 3 to 5 days,2026-08-16 19:56:21,18.19.0
Blinkit,Adarsh Sharma,5,super super,2026-08-16 19:56:12,18.19.0
Blinkit,Anjuman Ara Begam,4,good,2026-08-16 19:55:48,18.19.0
Blinkit,Gaurav Sharma,3,rate to high but delivery on time .,2026-08-16 19:55:33,
Blinkit,Pandya Bhavesh,5,super,2026-08-16 19:55:23,
Blinkit,Jo An,2,on app said 10 mins delivery n after placing order said 25 minutes...quit deceiving,2026-08-16 19:54:45,18.19.0
Blinkit,Pammy Kumari,5,very usefull app and not too experience,2026-08-16 19:53:16,18.19.0
Blinkit,ARNLEY PIRES,1,third class app. Selling expired stuff. Pls shut down this app.,2026-08-16 19:51:58,
Blinkit,Shahnaj Khatoon,5,thank you,2026-08-16 19:51:53,18.15.0
Blinkit,Gajraj Chaudhary,5,Nice,2026-08-16 19:51:44,18.19.0
Blinkit,Reryu Ytgghy,5,nice,2026-08-16 19:51:26,18.19.0
Blinkit,Ankush Bhatt,5,good service,2026-08-16 19:51:23,18.19.0
Blinkit,Rubi Verma,5,soso good love it,2026-08-16 19:51:13,18.15.0
Blinkit,Tumpa Saha,5,excellent,2026-08-16 19:50:52,
Blinkit,Vaibhvi Chhillar,5,good than every app specially flipkart minutes,2026-08-16 19:50:09,18.19.0
Blinkit,Milind Padgham,5,I was helpful in problem,2026-08-16 19:49:52,18.19.0
Blinkit,CAR EXPRESS,5,best shopping app in Kashmir,2026-08-16 19:49:49,18.13.0
Blinkit,Suraj Kumar,5,very nice,2026-08-16 19:48:48,18.19.0
Blinkit,Sidrah Hunain,5,excellent,2026-08-16 19:48:22,18.19.0
Blinkit,Arti Telgu,5,supar 👍,2026-08-16 19:47:59,
Blinkit,Rajput Kaushal,1,I Have order products from blinkit and I cancel my order due to some reason and exicutive said payment will be refund but my payment was not refund and I call to the customer service number it's always bussy and I send the complaint by Email but they don't respond it.,2026-08-16 19:47:25,18.19.0
Blinkit,Surendar Kumar,5,good service,2026-08-16 19:47:17,18.19.0
Blinkit,Shawn Sanger,1,the pakaged eggs were broken waste 9f money,2026-08-16 19:46:39,
Blinkit,Mohamed Razeen,1,Worst customer experience you will face,2026-08-16 19:45:33,18.19.0
Blinkit,SUDHARSAN K,4,Nice UI,2026-08-16 19:45:32,17.99.1
Blinkit,Moses Bernard,5,it was not good as i ordered some things for my health issue and product was jus waste of money,2026-08-16 19:45:12,18.19.0
Blinkit,preeti nigam,5,mast hai,2026-08-16 19:44:38,18.19.0
Blinkit,Ansh Art,5,V.Good,2026-08-16 19:44:21,18.19.0
Blinkit,Vora Kajal,5,wonderfull,2026-08-16 19:43:57,17.95.3
Blinkit,mamta sharma,1,Delivers broken products and refuse to replace or return. Scammers,2026-08-16 19:43:07,18.15.0
Blinkit,krishna thacker,1,oh my! Their AI bot is terrible.,2026-08-16 19:42:40,18.19.0
Blinkit,Vaishnav Puri,5,good for instant grocery delivery,2026-08-16 19:41:28,18.19.0
Blinkit,Suneeta Kalidasu,5,v good,2026-08-16 19:41:12,18.15.0
Blinkit,sarthak paul,5,Thats a service we like. The experience is great. I like very much.,2026-08-16 19:41:07,18.19.0
Blinkit,Laiba Haleem,4,add more exotic fruit and fresh fig,2026-08-16 19:39:52,18.19.0
Blinkit,Sravanrhi Reddy,5,nice,2026-08-16 19:39:22,18.19.0
Blinkit,Urmee Mukherjee,5,I love this app,2026-08-16 19:38:05,18.15.0
Blinkit,Deepak Kabir panthi,3,good,2026-08-16 19:38:01,18.13.0
Blinkit,sagar shinde,4,good,2026-08-16 19:37:46,18.19.0
Blinkit,Harshita Thapa,5,very nice app❤️❤️❤️❤️,2026-08-16 19:37:37,
Blinkit,Mansukh Parmar,5,love it,2026-08-16 19:37:35,18.15.0
Blinkit,Sri Bhagwan,5,super,2026-08-16 19:36:55,18.15.0
Blinkit,Shrestha Tripathi,5,very good and useful app,2026-08-16 19:36:52,
Blinkit,Kongoti Shivakanth Goud,5,thank you good,2026-08-16 19:36:49,18.19.0
Blinkit,rahul raju,5,ok,2026-08-16 19:36:18,
Blinkit,Pooja Bhati Bhati,5,the 50 rupees offer is fantastic and also all type of items are available in blinkit,2026-08-16 19:35:52,18.13.0
Blinkit,Abhishek Bhopale,5,awesome service,2026-08-16 19:35:29,18.13.0
Blinkit,Kanak Singh,5,good,2026-08-16 19:35:24,18.15.0
Blinkit,Atul veer Singh,5,good,2026-08-16 19:35:05,18.19.0
Blinkit,Ash Kumar,5,Very fast delivery and Very Good quality of all Products.,2026-08-16 19:33:49,18.19.0
Blinkit,Firoz Pathan,4,very nice,2026-08-16 19:33:34,
Blinkit,santosh kumar,5,good,2026-08-16 19:32:08,18.19.0
Blinkit,Neel Sahil,5,"Smart, quick, absolutely tremendous...",2026-08-16 19:31:13,18.19.0
Blinkit,Daksh Gujjar,5,nice 🙂,2026-08-16 19:31:04,
Blinkit,Sonam Roy,5,nice good experience 👍,2026-08-16 19:30:18,
Blinkit,Mantu Boro,5,fast surves,2026-08-16 19:29:47,18.15.0
Blinkit,Farida Khan,5,very helping app ❤️,2026-08-16 19:28:33,18.15.0
Blinkit,Sireesha Kotteti,5,Good please provide more more items thank you,2026-08-16 19:28:28,18.19.0
Blinkit,Hari Sharma,5,ok,2026-08-16 19:27:54,18.13.0
Blinkit,Manpreet Kaur,5,excellent,2026-08-16 19:27:47,18.19.0
Blinkit,PARTH PARASHAR,4,good service nice service with fresh vegetables and the packaging have some cool instructions like the current festival rakhshabandhan and a cool suggestion that stay hydrated this summer,2026-08-16 19:27:23,18.19.0
Blinkit,Minaketan Pradhan,5,good 😊,2026-08-16 19:27:21,18.19.0
Blinkit,SS Interiors,4,long wale kulche bhi rakho bakery walo se connect karo,2026-08-16 19:27:14,18.19.0
Blinkit,Sunil,5,Blinkit services are very good especially blinkit ambulance it just this service in my area has not been available but I hope you work on this otherwise no more words need 5 star,2026-08-16 19:27:06,18.19.0
Blinkit,Swetha C M,5,Great good service,2026-08-16 19:26:46,18.9.3
Blinkit,Nobojeet Bhengra,5,thank you,2026-08-16 19:25:53,18.19.0
Blinkit,Harendra Singh,5,more product may be in local store,2026-08-16 19:25:48,18.19.0
Blinkit,Monish Ansari,5,achcha product hai,2026-08-16 19:25:21,18.15.0
Blinkit,Manish Kumar yadav,1,good,2026-08-16 19:25:15,18.13.0
Blinkit,Vaibhav Mishra,1,dilever product is consumed by dilevery agent,2026-08-16 19:25:15,18.9.3
Blinkit,Ritik Raushan Yadav,1,delivery issue delivery very lazy very bad app,2026-08-16 19:24:27,18.19.0
Blinkit,Rupal Bhimwal,1,"“My order has been incorrectly marked as delivered, but I have not received it. The delivery partner did not come to my location and did not even try to contact me regarding the delivery. Please check the delivery details and resolve this issue as soon as possible. I request you to either deliver my order or process a full refund.”",2026-08-16 19:24:17,18.19.0
Blinkit,Khan Sadiya,5,AWSOME,2026-08-16 19:23:38,
Blinkit,Somashekar Nag,1,They deliver Spoiled Chicken labelling as fresh. they sent Fresh Cream by Mily mist that was stale. these are cooking ingredients. how can I send photos of these after it's cooked. that's what they ask for proofs when we raise a complaint. what the hell.,2026-08-16 19:22:50,18.15.0
Blinkit,ELANGO ELANGO,5,good great day,2026-08-16 19:22:31,18.19.0
Blinkit,Govind Singh,5,God job,2026-08-16 19:22:19,18.15.0
Blinkit,Sandeep Kumar,5,👍,2026-08-16 19:22:00,18.19.0
Blinkit,Sairaj Patil,4,good 😊,2026-08-16 19:21:42,18.19.0
Blinkit,Sobhan Addakula,5,don't disturb me,2026-08-16 19:17:26,
Blinkit,khushi Kumari,5,this aap is a great and very useful,2026-08-16 19:17:20,18.9.3
Blinkit,Rohit Kumar,5,good service,2026-08-16 19:17:10,18.19.0
Blinkit,PANKAJ KUMAR,5,waooo,2026-08-16 19:16:52,18.19.0
Blinkit,Ased Khan,1,delivery charges bhi lete hai aur 100 se kam ki delivery cash on delivery nhi hoti,2026-08-16 19:16:44,18.19.0
Blinkit,swati vaz,5,very very good,2026-08-16 19:16:08,18.19.0
Blinkit,Maulik Thaker,1,"The service was good at first but gradually, just like the other businesses, they have started adding charges like handling, high demand surcharge, packaging, etc. Why dont these businesses understand that if they build a loyal customer base with steady, long term reliable service, they will win in the long run ? Instead, they just want to make a quick buck off of every customer. I thought blinkit was different, but sadly I have been proven wrong.",2026-08-16 19:16:04,18.19.0
Blinkit,Shankar Hosmani,5,fast dilyaveru,2026-08-16 19:15:10,18.15.0
Blinkit,Falak Construction,1,cash on delivery is not available,2026-08-16 19:14:49,18.19.0
Blinkit,Nishant Kumar,5,nice,2026-08-16 19:13:49,18.19.0
Blinkit,N & D Kowsalya C 2021,5,Gud,2026-08-16 19:12:59,18.15.0
Blinkit,Jack,4,All is good but i think it will be more good if you provide soft drinks in a small plastic which will prevent wetting of the blinkit bag . Thank you,2026-08-16 19:12:31,
Blinkit,Dali Singh,5,nice place to buy anything,2026-08-16 19:12:10,18.9.3
Blinkit,Riddhi Biryani,5,nice app for emergency thanks to blinkit team ❤️,2026-08-16 19:11:38,17.43.1
Blinkit,sukhdev singh,5,i am very impress your service,2026-08-16 19:11:25,18.15.0
Blinkit,Sunil T,2,costlier than other platforms,2026-08-16 19:11:21,18.15.0
Blinkit,niyamat ali,5,good,2026-08-16 19:11:20,
Blinkit,Pritish Das,4,Overall good,2026-08-16 19:10:42,18.15.0
Blinkit,nagalaxmi n,5,verygood,2026-08-16 19:10:30,18.19.0
Blinkit,sailesh kumar,5,nice,2026-08-16 19:10:24,18.19.0
Blinkit,Avinash A B,2,good,2026-08-16 19:10:12,
Blinkit,Deepak Swain,5,very good sales and service,2026-08-16 19:10:01,
Blinkit,Harish Srivastava,4,good service,2026-08-16 19:09:51,18.19.0
Blinkit,anand babu,5,Good 👍👍👍,2026-08-16 19:09:35,18.19.0
Blinkit,Mohandas Ugripalli,5,nice,2026-08-16 19:08:48,18.19.0
Blinkit,Vicky Lucky,5,value for money and time safety,2026-08-16 19:08:37,18.15.0
Blinkit,DEVENDER MEENA,5,Abhi tak ka good,2026-08-16 19:08:28,
Blinkit,Ajay Kumar,5,GOOD BETTER SERVICE,2026-08-16 19:07:21,18.19.0
Blinkit,Priyansh Siriah,2,high rate,2026-08-16 19:07:02,17.99.1
Blinkit,Somashree Das 6B,5,Very Nice,2026-08-16 19:06:46,18.19.0
Blinkit,Nazia Firdaus,5,I got my stuff on time,2026-08-16 19:05:55,
Blinkit,Rupali Jogdand,4,good experience,2026-08-16 19:05:49,18.15.0
Blinkit,Rajesh kumar Keshri,3,delivered old stock item. please send me new stock,2026-08-16 19:05:03,18.19.0
Blinkit,Mamta Katiyar,5,good 😊💯,2026-08-16 19:03:53,18.19.0
Blinkit,anushka mohta,5,noice,2026-08-16 19:03:48,
Blinkit,Mukesh Giri,1,delivery partner not coming my address 😡😡,2026-08-16 19:03:34,
Blinkit,Sham Ansari,5,good app & fast delivery,2026-08-16 19:02:29,18.19.0
Blinkit,Amir Hussain Khan,5,👍,2026-08-16 19:01:43,18.19.0
Blinkit,Pritee Singh,5,very useful app,2026-08-16 19:01:20,18.19.0
Blinkit,Pawani Tiwari,5,very good,2026-08-16 19:00:29,18.19.0
Blinkit,Balu 45,5,Faster Delivery,2026-08-16 19:00:28,18.15.0
Blinkit,Ayushman Satapathy,5,best all rounder app for ordering everything at shop prices the problem is just it is not available at every location but i am sure it will be at every location after some time. 👍,2026-08-16 19:00:21,
Blinkit,Abhishek Ghosh,5,😄Best 👌,2026-08-16 18:59:18,18.19.0
Blinkit,Shilpa Somatkar,5,iam a new costomer and it is so easy to use IT. I like this,2026-08-16 18:59:01,17.97.3
Blinkit,ANJU KHANDELWAL,5,fast delivery and reasonable price,2026-08-16 18:59:00,18.19.0
Blinkit,Aabid Hussain,5,nice app,2026-08-16 18:58:15,
Blinkit,Samarth Motavar,5,very easy to order and correct arriving,2026-08-16 18:58:07,18.19.0
Blinkit,Hinal Parekh,5,quiq & fast save time,2026-08-16 18:58:06,18.19.0
Blinkit,Sujit Bhoir,3,"blinkit service is really good, but the warehouse they have, should be maintained clean.",2026-08-16 18:57:59,
Blinkit,Mr Gaus,5,Today I order one item one blanket and I am very happy to receive it because blanket give me a small gift with my order so thank you blanket,2026-08-16 18:57:29,
Blinkit,Mani Gugan,5,gud,2026-08-16 18:57:28,18.19.0
Blinkit,Pushpendra Raghav,5,good,2026-08-16 18:56:45,18.19.0
Blinkit,Manoj Kumar,5,good 👍,2026-08-16 18:55:58,18.19.0
Blinkit,prasad uma,5,nice,2026-08-16 18:55:51,18.19.0
Blinkit,shivani shinde,5,Happy,2026-08-16 18:54:51,18.13.0
Blinkit,Kavita Kotturshettar,1,no time sence,2026-08-16 18:54:36,18.19.0
Blinkit,Javed Mansuri,5,it's good,2026-08-16 18:54:26,18.19.0
Blinkit,Yash Dayande (YashDTech.),5,Yeah the interface and app works smoothly.,2026-08-16 18:53:31,18.15.0
Blinkit,Rituraj Singh,1,very bad app never gives free food !!!!!!!,2026-08-16 18:53:03,
Blinkit,durga prasad rao,5,fast and easy,2026-08-16 18:52:14,18.19.0
Blinkit,Rajesh Krishnam,2,I gave a rating of one but it's showing two,2026-08-16 18:52:14,17.55.1
Blinkit,Tuna Nayak,5,Nice 👍,2026-08-16 18:50:45,18.19.0
Blinkit,Ansari Ejaz Ahmad Md. Farooque,5,received before time. quality is better ... thank you blinkit,2026-08-16 18:50:43,18.19.0
Blinkit,Ashutosh Pandey,5,very good very fast 😸 ⏩ I like it 😁😊,2026-08-16 18:49:51,
Blinkit,Kavir Khan,4,good 👍,2026-08-16 18:49:26,18.15.0
Blinkit,vimal kittu,1,buyed a product in this and it's not good i asked to return it but they didn't solved,2026-08-16 18:48:52,18.19.0
Blinkit,K - Rock,5,Nice,2026-08-16 18:48:25,18.19.0
Blinkit,Krishan Kumar Khari,4,ok,2026-08-16 18:48:25,18.19.0
Blinkit,Prashant Pawar,5,Best,2026-08-16 18:45:14,
Blinkit,ASHI CHAUHAN,5,nice service,2026-08-16 18:45:03,18.19.0
Blinkit,Devukannanappu Devukannanappu,5,super 👌🏻,2026-08-16 18:44:35,18.13.0
Blinkit,Abhinav,4,I satisfied with your service and also happy to see that the saftey you are giving to your delivery partner in very good and also the pressure to delivered item on 10 min was removed.,2026-08-16 18:43:36,18.15.0
Blinkit,Karishma Rawat,5,verg good services,2026-08-16 18:42:23,
Blinkit,Rajini Parimisetti,2,the prices are too high,2026-08-16 18:42:11,18.15.0
Blinkit,RAHIL SHAIKH,3,Good,2026-08-16 18:41:06,18.15.0
Blinkit,Baibhav Das,5,best to order your wish in your last minutes,2026-08-16 18:40:10,18.19.0
Blinkit,Aryan Choudhary,1,"received expired dog food didn't get resolution after complaining and doesn't have any customer support team to assist a customer query, worst app!!",2026-08-16 18:39:45,18.13.0
Blinkit,Jaat008 Baliyan,5,❤️,2026-08-16 18:39:23,18.19.0
Blinkit,Match Pulse,5,nice apo for dilevery,2026-08-16 18:38:25,
Blinkit,Anil Singh,4,nice,2026-08-16 18:36:59,
Blinkit,Amar Bakhtiyar,3,Exlent service,2026-08-16 18:36:36,
Blinkit,Haasini krishnamoorthi,5,nice one very excellent work,2026-08-16 18:36:26,18.7.0
Blinkit,Swapna Chadalavada,5,yes good service,2026-08-16 18:36:03,18.19.0
Blinkit,Jay Gurnani,5,nice app this one,2026-08-16 18:35:24,
Blinkit,Kuldeep Sharma,5,excellent service and quality 👌 👍,2026-08-16 18:35:17,18.19.0
Blinkit,Deepak Prajapati,5,nice product,2026-08-16 18:35:07,18.19.0
Blinkit,Rudra Kumar,5,good,2026-08-16 18:34:58,18.19.0
Blinkit,Nirmaljit kaur,1,itme very bad 👎,2026-08-16 18:34:46,18.9.3
Blinkit,JAYSINGH GAHLOT,3,thier customer support management was very 😔,2026-08-16 18:34:42,18.19.0
Blinkit,Harprit Singh Rana,5,Good service,2026-08-16 18:34:25,18.19.0
Blinkit,Ritesh Kumar 2,2,charges is very too much please down the price of charges,2026-08-16 18:33:53,18.19.0
Blinkit,Sudarshan Mane,1,very bad handing bags,2026-08-16 18:33:23,18.19.0
Blinkit,Akshay Kumar,5,good product,2026-08-16 18:33:02,18.19.0
Blinkit,sharat sirohi,5,It is the best delivery app I have ever seen Fast delivery and you can find anything you want,2026-08-16 18:31:13,18.19.0
Blinkit,Siddanth Patil,1,worst experience 😔,2026-08-16 18:31:01,18.19.0
Blinkit,Gracy S Gracy S,1,"worst help chat, poor in services",2026-08-16 18:30:29,18.19.0
Blinkit,Ajitkumar Patil,5,Excellent,2026-08-16 18:30:18,18.19.0
Blinkit,zohro.79 mohali,1,Poor quality of service and these guys not able to resolve the problem.,2026-08-16 18:30:02,18.19.0
Blinkit,ANJALI PANDIT,5,"very nice application, I'm so happy because I'm not able to walk but If I want to eat anything, I just blinkit and I get everything sitting at home. thank you blinkit 😊",2026-08-16 18:29:46,18.15.0
Blinkit,Chandni Jha,5,thankyou for service for us 🙂,2026-08-16 18:29:02,18.19.0
Blinkit,Neha Gupta,1,hamesha jitna order karo utna deliver nahin karta hai aur paise bhi return nahin karta next time main is app ko bilkul use nahin karungi,2026-08-16 18:28:50,18.19.0
Blinkit,yahhooo dude,4,exilent,2026-08-16 18:28:15,18.13.0
Blinkit,Sani Kumar,5,Nice App,2026-08-16 18:26:39,
Blinkit,chaitra ravi,2,"packaging was not good , the products wat very durty from the outside",2026-08-16 18:25:54,18.19.0
Blinkit,Shaik suleman Suleman,5,👍,2026-08-16 18:25:31,18.15.0
Blinkit,Rida Khatib,1,App is really good but it takes more n more delivery charges n I don't like that uh said free delivery over above 150 and still take charges 😒😡😤 n there is no any free delivery at first 10 orders,2026-08-16 18:24:54,18.15.0
Blinkit,Rishabh Jain,1,worst experience ever items come out to be yorn and when i contact customer support the chat is closed from their side after hearing query,2026-08-16 18:24:51,18.15.0
Blinkit,Bd Raikwar,5,good,2026-08-16 18:24:44,18.19.0
Blinkit,Aarti Bhojgar,5,nice,2026-08-16 18:24:30,
Blinkit,chandan roy,1,the blinking product are good and why not it will be good as the price difference from other platform is 15 to 16 percent high. The price never been cahnges so far I order till date,2026-08-16 18:23:10,18.19.0
Blinkit,Dharmender Dm,5,good vegetarien,2026-08-16 18:22:22,
Blinkit,pieu Tikadar,5,it's to helpful 🥰,2026-08-16 18:21:51,18.19.0
Blinkit,RANU PAL,5,good,2026-08-16 18:21:41,18.19.0
Blinkit,Raja G,5,whery good,2026-08-16 18:21:20,18.19.0
Blinkit,goutham,5,good,2026-08-16 18:20:36,18.19.0
Blinkit,Jagadish Frank,5,good offers,2026-08-16 18:19:05,18.19.0
Blinkit,shahzeb alamkhani,1,worst experience,2026-08-16 18:18:54,18.15.0
Blinkit,D NR,4,this is the best consumer app..,2026-08-16 18:18:39,18.15.0
Blinkit,Aadil Sheikh,4,I'm facing the location problem new place I'm knowing place name thus my suggestion the blinking catch a live location to customer,2026-08-16 18:17:48,18.15.0
Blinkit,Ritika,1,they deliver wrong damaged used product and disable chat option you have to mail and they respond after 2-3 hours it's not a quick delivery app it's a headache...,2026-08-16 18:17:06,18.15.0
Blinkit,Sujit Dey,5,good,2026-08-16 18:16:32,18.9.3
Blinkit,Sundar Singh Sundar Singh,1,very very nice,2026-08-16 18:15:10,18.13.0
Blinkit,Balasani Vishnu,4,good,2026-08-16 18:15:02,18.19.0
Blinkit,Rajesh Pathak,1,veey bad experience with blinkit I ordered icecream but not received in frozen condition,2026-08-16 18:14:22,18.19.0
Blinkit,Ashish Kumar Mittal,2,unable to add large quantity on discounted prices,2026-08-16 18:14:21,18.19.0
Blinkit,Miss Simmi,4,"“Good experience, fast delivery and good service.” ⭐⭐⭐⭐",2026-08-16 18:13:20,
Blinkit,YOGESH DWIVEDI,5,Lightening deliveries of good stuff.,2026-08-16 18:13:14,18.7.0
Blinkit,Mayur Satpute,1,worst app,2026-08-16 18:12:51,18.15.0
Blinkit,santosh jal,1,ok,2026-08-16 18:12:46,18.19.0
Blinkit,Ayushi,4,there is always a scope for improvement that's why 4 stars and love your service ✨🤌,2026-08-16 18:12:25,18.15.0
Blinkit,Manisha Kashyap,1,delivery boy ka behaviour bahut hi ganda hota Hai,2026-08-16 18:12:15,18.7.0
Blinkit,Eshma Khan,4,good but not bad,2026-08-16 18:11:29,18.19.0
Blinkit,Soumay dubey2,2,srikhand amul ka bda pak oder kiya uska test achha nhi aarha uska camplan kese hoga option hi nhi h expire date 1month bacha h per,2026-08-16 18:10:27,18.19.0
Blinkit,Pradip Bhattacharjee,5,very easy and quick method,2026-08-16 18:10:18,18.19.0
Blinkit,Shweta Kumari,2,har baar paisa hi pas jata hai,2026-08-16 18:10:03,18.19.0
Blinkit,Sameer Anand,5,🥰🥰nice,2026-08-16 18:09:33,18.19.0
Blinkit,anil kumar,1,it's good but a delivered not a place,2026-08-16 18:09:33,18.15.0
Blinkit,Roopa Gowda,5,very good,2026-08-16 18:09:08,18.15.0
Blinkit,Veera Babu,5,good,2026-08-16 18:08:50,18.13.0
Blinkit,Jass Dhillon,1,third class service tofay i use this app i recived expired items dont use this app,2026-08-16 18:08:50,18.19.0
Blinkit,Aadil Chavan,5,nice,2026-08-16 18:08:22,18.19.0
Blinkit,p.a. abilash,1,no offer,2026-08-16 18:08:05,
Blinkit,Suraj Mahadik,2,viriy good,2026-08-16 18:07:45,18.19.0
Blinkit,Swati Boricha,1,I placed order for 633 rps money got debited order never got placed said something went wrong I tried to connect with customer service they kept my chat window open read messages never responded they did not even refund my money they disabled cash on delivery open so I had to pay for the order I paid order never got placed my money never returned Customer service never responded may be a new scan,2026-08-16 18:07:20,18.19.0
Blinkit,mahendra jangir,5,good,2026-08-16 18:06:56,18.9.3
Blinkit,Khushi Kumari,4,"please can you deliver my live location ,whenever I want do blinkit is always not available",2026-08-16 18:06:50,18.15.0
Blinkit,Madhu Rajput,4,if we order anything by mistake we can't cancel it,2026-08-16 18:06:44,18.7.0
Blinkit,rajesh sahu,5,v good,2026-08-16 18:06:09,18.15.0
Blinkit,Sathish Subramani,5,this app my favorite one💞,2026-08-16 18:06:09,18.9.3
Blinkit,Jay Patil,5,thank you so much,2026-08-16 18:05:53,
Blinkit,bablu singh,1,very very bad customer support they dont have manpower to solve customer issues,2026-08-16 18:05:16,
Blinkit,Sanskar sharma,1,very bad riders eat food,2026-08-16 18:05:00,18.19.0
Blinkit,Acchu Kiccha,5,good,2026-08-16 18:04:02,18.19.0
Blinkit,Ashish Saini,1,customer support very bad,2026-08-16 18:03:47,18.19.0
Blinkit,Archana Mishra,1,I made a order payment deducted and order wasn't processed when came back to page it mentioned something went wrong,2026-08-16 18:03:27,18.19.0
Blinkit,Rohitt Jaiswall,1,Various Surge Fees and forcing the customer to regularly order above Rs.500 is a bit too much. Minimum order value of 250 is reasonable. Not always people want to buy stuffs exceeding Rs.500! Also the partner cashback reward is only beneficial for New Users. Why don't you value your old loyal customers?,2026-08-16 18:02:59,18.19.0
Blinkit,Vikas Hurmade,5,good service,2026-08-16 18:02:34,18.15.0
Blinkit,raju jatav,5,👍👍👍,2026-08-16 18:02:12,18.13.0
Blinkit,Rohit aggarwal,3,very less option,2026-08-16 18:02:00,18.19.0
Blinkit,Yash Vardhan Singh,1,I used blinkit before and didn't get any issue with it but after 6 months I ordered again on blinkit and recieved only 3 out of 4 items I ordered and the bag was torn during delivery I reported this issue in their help section and the didn't even bother to reply.with issues like this they are breaking the trust of people and users will move to better delivery app. Take 25 min instead of 10 but deliver the order properly and with all items,2026-08-16 18:01:51,18.19.0
Blinkit,mohd.shahid Khan,5,very helpful 👌,2026-08-16 18:00:45,18.19.0
Blinkit,Riya Minz,5,vare nice 👍 👍 👍 👍 👍 👍👍👍👍👍👍👍,2026-08-16 18:00:37,18.15.0
Blinkit,Gurjeet Singh,5,good,2026-08-16 18:00:15,18.15.0
Blinkit,Pradeep Kumar,1,"The Delivery procedure and customer support are worthless. If you are in contacting them, they only have the option to talk on automated chat and not the actual assistant",2026-08-16 18:00:01,18.19.0
Blinkit,Dharmendra yadav,1,very bad experience no cool pack my sprite bottle,2026-08-16 17:59:55,18.3.0
Blinkit,vikas srinivas,1,worst customer care experience on delivery issues,2026-08-16 17:58:07,18.19.0
Blinkit,Nalini Bawari,1,"Is there no support policy? Today I placed an order, the payment was made, but the order was not even placed. Trying to contact support, but nothing is happening.",2026-08-16 17:57:50,
Blinkit,Smtvandana Gupta,5,best service,2026-08-16 17:57:44,
Blinkit,Cjayaprakash 2020,4,very fast delivery,2026-08-16 17:57:42,18.19.0
Blinkit,Moushmi Chakraborty,5,bestt app.... very useful 👍🏻🙌🏻,2026-08-16 17:57:36,18.15.0
Blinkit,Prashant Sindhwani,1,"Its definitely a good app almost 90% of times it has been reliable with the time and or the quality of product, the whole issue happens when something of an inferior quality is delivered which you want to return but there is no way to connect with someone and the whole system fails. Mr. Blinking you are not even reading and taking pat on your back by own. You have a failed process when it comes to return a faulty or spoiled product which is part of the list, I was delivered a spoiled milk pack",2026-08-16 17:56:34,18.19.0
Blinkit,Mohammed Hussain,5,nice,2026-08-16 17:56:32,18.19.0
Blinkit,Penkey V Nagendra Kumar,5,👍 good,2026-08-16 17:55:44,18.15.0
Blinkit,Preet Kaur,5,good,2026-08-16 17:55:16,18.15.0
Blinkit,Balram Trivedi,5,good 😊,2026-08-16 17:55:07,18.15.0
Blinkit,Dr. G. VANI,5,nice,2026-08-16 17:54:45,18.9.3
Blinkit,Mannu Solanki,1,solw dilevery 👎👎👎 I'm not use next time,2026-08-16 17:53:35,18.19.0
Blinkit,Quick finance,1,Good for nothing worse refund system,2026-08-16 17:51:43,
Blinkit,Rahul Shevade,5,very good service,2026-08-16 17:51:18,18.13.0
Blinkit,ASHISH KUMAR,4,good,2026-08-16 17:51:16,17.87.0
Blinkit,Tajinder Gogna,1,very bad Packing khuli hui aai polythin ki,2026-08-16 17:50:32,18.19.0
Blinkit,Divakar kumar pandey,1,take extra charge,2026-08-16 17:50:31,18.15.0
Blinkit,Shaheen gafur,4,blinkit is really good and made shopping quick and easier but sometimes..when the order is supposed to be delivered in 12 mins it's stuck at yet to be delivered in 10 mins..like it's been 5 mins already but the app still shows that the order is gonna take 10 mins to be delivered..,2026-08-16 17:50:07,18.3.0
Blinkit,sahkar ahmad ahmad,1,two times balance deduction but no refund and no product ........blinkit was fine before now they are looting day by day ......,2026-08-16 17:49:31,
Blinkit,shashank srivastava,3,no scope of upi payment,2026-08-16 17:49:20,18.15.0
Blinkit,Yuvadharsan “Dharsan” Yuvadharsan,5,perfect 👌 super fantastic app,2026-08-16 17:49:18,18.19.0
Blinkit,Junaira Perween,5,gud application,2026-08-16 17:49:09,18.13.0
Blinkit,Rahul Paswan,4,nice,2026-08-16 17:48:11,18.19.0
Blinkit,dipankar Mailk,5,very good app deliver very fast in emergency,2026-08-16 17:44:32,18.19.0
Blinkit,Amar Pal,5,Great job,2026-08-16 17:44:08,18.19.0
Blinkit,Priya Joy,5,good,2026-08-16 17:42:25,18.15.0
Blinkit,007murli,1,poorest they don't deliver on time they use to show ..... getting worst day by day,2026-08-16 17:41:45,18.19.0
Blinkit,Daxa Makwana,5,veer good service,2026-08-16 17:39:42,18.19.0
Blinkit,M.r Gurjar,5,nice,2026-08-16 17:38:42,18.19.0
Blinkit,MELFIN RAFI,1,giving expired products,2026-08-16 17:38:28,18.19.0
Blinkit,Sandeep Sharma,5,👍,2026-08-16 17:37:58,18.19.0
Blinkit,Lakhwinder gill Lakhwinder gill,4,good,2026-08-16 17:37:48,18.19.0
Blinkit,Somraj Patil,5,excellent,2026-08-16 17:37:32,18.15.0
Blinkit,Rana Vishal,5,very good service,2026-08-16 17:36:31,18.19.0
Blinkit,Sharsh,5,good,2026-08-16 17:36:00,
Blinkit,Navdeep Raushan,5,My experience while using blinkit was excellent. I recommend everyone to use this instant delivering app.delivery experience was also good.,2026-08-16 17:35:59,18.15.0
Blinkit,Gagan Jain,1,After adding to cart the value show too high,2026-08-16 17:35:42,18.19.0
Blinkit,Aditya Sharma,5,i love blinkit,2026-08-16 17:35:28,
Blinkit,Prakash Reddy,5,wow wow wow 😦,2026-08-16 17:34:50,18.19.0
Blinkit,Aimaajijii,5,on time and very useful,2026-08-16 17:34:21,18.15.0
Blinkit,Sharma Utsav,5,best aap of the world,2026-08-16 17:34:09,18.19.0
Blinkit,Devanshu Mukherjee,4,very kind and gentle,2026-08-16 17:33:50,18.19.0
Blinkit,Khan Futtu,5,fastest delivery and thanks for gift,2026-08-16 17:33:25,18.9.3
Blinkit,Nazia Kouser,5,very helpful apps with fast delivery,2026-08-16 17:32:54,18.19.0
Blinkit,Anisha,5,nice,2026-08-16 17:32:21,18.9.3
Blinkit,keerthikha sri,5,super 💯,2026-08-16 17:30:43,18.19.0
Blinkit,Kapil Nagar,5,Best service,2026-08-16 17:30:20,18.19.0
Blinkit,Subhash,5,good 👍,2026-08-16 17:29:39,
Blinkit,Manish Patel,5,good,2026-08-16 17:29:26,18.15.0
Blinkit,Sai Shiva,1,today I'm ordering chicken very bad smell and no expired date customer service very bad no refund bad service very bad blinkit app don't bye frozen items,2026-08-16 17:29:02,18.19.0
Blinkit,Banashree Das,5,very helpful 👌,2026-08-16 17:28:07,18.15.0
Blinkit,Dripta Sarkar,5,very good👍,2026-08-16 17:28:04,18.15.0
Blinkit,Rajendra Patel,1,study desk has been handed over to them in a used condition.,2026-08-16 17:28:01,18.19.0
Blinkit,Simran,1,very bad service,2026-08-16 17:28:00,
Blinkit,Farha Babar,2,nice but needs more packaging on goods,2026-08-16 17:27:57,18.15.0
Blinkit,NAYU_THAKOR NAYANTHAKOR,5,Good,2026-08-16 17:25:38,18.19.0
Blinkit,Neelam Pilania,5,It is much useful I think,2026-08-16 17:25:20,18.19.0
Blinkit,VIPIN JAIRAJ,3,"Quick delivery, although products are lesser than Instamart. Vegetables need to be more fresh. Munchies do not have much variety. All in all a 3/5.",2026-08-16 17:25:10,18.19.0
Blinkit,Selva Mani,5,good app,2026-08-16 17:25:04,
Blinkit,RUKHSAR SHAH,4,good,2026-08-16 17:23:36,18.19.0
Blinkit,Arhan,4,very good,2026-08-16 17:22:09,18.19.0
Blinkit,lovely Yadav,5,good,2026-08-16 17:20:34,18.19.0
Blinkit,SAI SHASHU CHANNEL,5,Good service.. Ontime delivery no extra charges.. Good packages.,2026-08-16 17:19:11,18.15.0
Blinkit,Vishal Shengal,5,good,2026-08-16 17:18:57,
Blinkit,SHIKSHAVALI AHAMMAD,1,worst service ever I have ordered something and I have cancelled it and added pickup a lady named Keerthana called and I have clearly mentioned that I want to return this as pickup was on its way and they where replacing the same product i have mentioned it clearly not to cancel that and she told OK and still she cancelled the order what should I do with the wrong product?,2026-08-16 17:18:01,18.19.0
Blinkit,arjun kumar,5,very nice app very helpful 🙂,2026-08-16 17:17:22,
Blinkit,Sarvesh Tiwari,1,very bad plateform,2026-08-16 17:16:52,18.15.0
Blinkit,Hrit Kumar,5,fantastic,2026-08-16 17:15:51,18.13.0
Blinkit,Vansh Maurya,3,late orders,2026-08-16 17:15:35,18.15.0
Blinkit,Rajnish Kumar,4,good,2026-08-16 17:15:05,18.13.0
Blinkit,Shashwat Singh,5,very helpful.,2026-08-16 17:14:51,
Blinkit,Priyanka Thakur,5,nice,2026-08-16 17:14:00,18.15.0
Blinkit,Neha Gupta,5,very good 👍 👏 👌 😀 ☺️ 🙌,2026-08-16 17:11:29,
Blinkit,Gaurav .Saini7129,1,not working,2026-08-16 17:10:42,18.15.0
Blinkit,Dog Day,1,"Extremely Disappointing & Rude Delivery Service One of the worst delivery experiences ever! The delivery partner is extremely rude and, every single time, insists that we change the delivery location. Even after doing so, the updated location is never properly reflected. On top of that, whenever we choose Cash on Delivery, we repeatedly do not receive the correct balance/change back. We are left chasing the delivery partner for money that is rightfully ours. This is completely unacceptable",2026-08-16 17:10:37,18.19.0
Blinkit,Radha Lakhera,1,too much h hidden prices 😳 and way too much high price increased in final bill,2026-08-16 17:10:35,18.15.0
Blinkit,nazita rushdi,1,most of the delivered items are damaged such a time waste in getting refund or having a conversation at the help desk,2026-08-16 17:09:50,18.15.0
Blinkit,Vk,5,good app,2026-08-16 17:08:48,18.19.0
Blinkit,Kumarjit Bhatt,5,quick and good platform,2026-08-16 17:07:50,18.19.0
Blinkit,Suraj Nayak,5,good,2026-08-16 17:06:29,18.15.0
Blinkit,Deblina Chatterjee,5,very useful app for everything. The delivery time is too good. Thank you Blinkit,2026-08-16 17:06:11,17.99.1
Blinkit,bala mani,5,Awesome,2026-08-16 17:06:07,18.15.0
Blinkit,Antim Srivastava,1,ok,2026-08-16 17:04:54,18.19.0
Blinkit,Vikash Kumar,1,product peanut butter churaya hai company ya tho delivery partner nothing to elaborate thanks for ur concern too much bad experience I had raised issues Not got the refund not the product,2026-08-16 17:04:42,18.15.0
Blinkit,Ananya Kumari,4,you should provide paytm coupon prices are high,2026-08-16 17:03:43,18.19.0
Blinkit,Shreya Dey,5,i love it that's it ...,2026-08-16 17:03:03,18.19.0
Blinkit,Vishal Ghaghada,1,high charges. milk ordered worth rs.60 and delivery charges are rs.55. how ?,2026-08-16 17:02:54,18.19.0
Blinkit,eDDy Invincible,1,Trust me guys the customer support experience is the worst in blinkit. They will simply give false promises & then disconnect the call on your face. They will disconnect the chat on our face. They will treat you like a beggar.,2026-08-16 17:02:49,18.19.0
Blinkit,Kavita Kumari,5,thank you,2026-08-16 17:01:53,
Blinkit,ABHIRAMI M A,4,4 Star Because sometimes my order were cancelled by the app at the time of delivery,2026-08-16 17:01:51,18.13.0
Blinkit,Ahyang Milee,4,Good,2026-08-16 17:01:01,18.19.0
Blinkit,Athul Baby K,1,Asking for unnecessary permissions for opening the app. I don't like it.,2026-08-16 17:00:44,
Blinkit,VIDHYANSHU PANDIT,1,very bad app 😕,2026-08-16 16:59:08,
Blinkit,Fenz Plays,1,amazing app but idk why there is 1 star cutting is compulsory i wanted to give it full of 5 stars but i cutted 1 star bcz there is no option to sumit review.,2026-08-16 16:58:46,18.13.0
Blinkit,Priyansh,5,this is very good saari apps se acha blinkit humara,2026-08-16 16:58:26,
Blinkit,salma Qureshi,5,it gives me my order on time I like to order on this app and I like this app Thanks,2026-08-16 16:58:03,18.19.0
Blinkit,jyotirmoy bag,3,not bad but not good,2026-08-16 16:57:39,18.19.0
Blinkit,Sandeep Bhatt,5,very nice 👍,2026-08-16 16:57:07,
Blinkit,Kashish Gaur,4,App is excellent but I just hope they pay their employees well.,2026-08-16 16:57:03,18.19.0
Blinkit,satish pawaskar,1,wery good,2026-08-16 16:55:53,18.15.0
Blinkit,narin singh,5,Good nyc app very simple to manover..... Resolve issue quick & without any fuss.... appreciate it...👍,2026-08-16 16:55:40,18.19.0
Blinkit,Ganesh Akula,5,good,2026-08-16 16:53:35,18.15.0
Blinkit,Devendra Jaiswal,5,good,2026-08-16 16:53:12,18.19.0
Blinkit,Sk Dildar,2,Good,2026-08-16 16:53:08,
Blinkit,Ranjeet Kumar,5,Nice management,2026-08-16 16:53:08,18.19.0
Blinkit,Tamilarasan Tamilarasan,5,good,2026-08-16 16:52:37,18.19.0
Blinkit,Khans King,5,helpful,2026-08-16 16:51:50,18.15.0
Blinkit,Danish Khan,5,good job👍,2026-08-16 16:51:35,
Blinkit,Amaan Hossain,4,seriously very smooth experiance I have got after using this app..,2026-08-16 16:51:26,17.71.2
Blinkit,Noor Jabi,5,Good 👍,2026-08-16 16:50:40,18.15.0
Blinkit,Subhash Thakur,5,very fast delivery and good products,2026-08-16 16:48:43,18.13.0
Blinkit,Safvan Sarvaiya,5,good facilities,2026-08-16 16:47:43,
Blinkit,Deepak Kumar,5,excellent,2026-08-16 16:47:11,17.89.1
Blinkit,Mohammad Sakib,5,very nice app,2026-08-16 16:46:12,18.19.0
Blinkit,Sohail Iqbal,5,Good app,2026-08-16 16:45:34,
Blinkit,Shivani Kumari,5,best app for quick purchase....love it...,2026-08-16 16:43:13,
Blinkit,Kedar Mangale,5,nice,2026-08-16 16:41:49,18.19.0
Blinkit,ankit goyal,1,I don't recommend muslim delivery partner,2026-08-16 16:41:40,18.13.0
Blinkit,Purav Kalikotey,5,good work,2026-08-16 16:40:50,18.19.0
Blinkit,Supriya Gupta,1,kindly hire professional staff,2026-08-16 16:39:01,18.19.0
Blinkit,Nafees Uddin,5,Great appp loved it❤❤,2026-08-16 16:38:15,18.15.0
Blinkit,Ritu Singh,5,v. good,2026-08-16 16:37:00,18.19.0
Blinkit,Surinder mehta Mehta surinder,5,very very good,2026-08-16 16:36:48,18.19.0
Blinkit,Hardeep Singh khundia,5,good,2026-08-16 16:36:48,18.15.0
Blinkit,Maya Saket,5,very nice app jab se meri mummy ko pata laga ha ki ma online shopping karte hu aloo bhindi sab mujse hi order kar vi te ha,2026-08-16 16:36:28,18.19.0
Blinkit,Araddhya Jain,4,it's good if it makes cash on delivery free,2026-08-16 16:35:59,18.19.0
Blinkit,Sana Khan,5,this is app is fantastic,2026-08-16 16:33:55,18.19.0
Blinkit,Aparna Kewra,4,Best App,2026-08-16 16:33:40,18.19.0
Blinkit,Vikash Kumar,5,Ok,2026-08-16 16:33:30,18.19.0
Blinkit,Javed Akhter,5,very nice 👍,2026-08-16 16:32:47,18.19.0
Blinkit,Sreenivasulu Reddy Nellore,4,good service,2026-08-16 16:32:33,18.19.0
Blinkit,Asim Chandra Ghora,4,Good,2026-08-16 16:32:25,
Blinkit,Ryder Manoj,5,good,2026-08-16 16:31:50,
Blinkit,Mahendra singh Deora,5,best app for instant delivery,2026-08-16 16:31:23,18.15.0
Blinkit,Shruti,1,useless for rural area,2026-08-16 16:31:10,
Blinkit,pranay ambure,1,one of the most worst app for shopping strongly recommend not to buy from this site where polices are made as per their suitability... recommend not to buy wrong information is being provided on the site. were the blinkit firm itself don't know which product are available and with are not and even after prodect is not available with blinkit the product is showing available where the flaw is from blinkit side then to the coustomer has to wait for 3 to 4 days for refund.. ban blinkit.,2026-08-16 16:30:59,18.15.0
Blinkit,Shish Khan,5,good,2026-08-16 16:30:41,18.15.0
Blinkit,TLW Wizard,5,good,2026-08-16 16:29:31,18.15.0
Blinkit,reenaabhi Verma,5,best,2026-08-16 16:28:52,18.19.0
Blinkit,ADITYA KUMAR THAKUR,5,good,2026-08-16 16:28:25,18.15.0
Blinkit,Dipankar Saha,5,good,2026-08-16 16:28:18,17.73.1
Blinkit,Sai preethi Maram,5,gud,2026-08-16 16:27:12,
Blinkit,Tanbir Kumar,3,not good,2026-08-16 16:26:46,18.19.0
Blinkit,Sampat Mhetre,5,good,2026-08-16 16:26:15,18.19.0
Blinkit,Arjun,5,well,2026-08-16 16:25:46,18.15.0
Blinkit,deepak katariya,1,bed service,2026-08-16 16:24:30,18.19.0
Blinkit,AYUSH RAJ-A,5,It's a very effective application,2026-08-16 16:24:05,18.19.0
Blinkit,Kashish Chouhan,5,Nice app,2026-08-16 16:24:01,18.19.0
Blinkit,Manaswi Padole,5,very nice and peaceful,2026-08-16 16:22:48,18.15.0
Blinkit,Dhanush M,2,ok,2026-08-16 16:22:16,18.19.0
Blinkit,Amol Kakade,5,good 👍,2026-08-16 16:20:30,18.9.3
Blinkit,Kavitha Sivakumar,4,u can cut the service charges so it will be better,2026-08-16 16:19:30,18.15.0
Blinkit,Hadhi Hadhi,5,good,2026-08-16 16:19:05,
Blinkit,Suraj Yadav,5,abhi try Kiya ruku jara ane do,2026-08-16 16:18:05,18.19.0
Blinkit,Pavan Rabari,5,nice,2026-08-16 16:17:02,18.15.0
Blinkit,bhupendra kumar 1257,5,good,2026-08-16 16:15:33,18.13.0
Blinkit,UP 11 Anshu Gaming,5,good 👍,2026-08-16 16:13:55,18.19.0
Blinkit,Ganesh sai Ganesh sai,5,good service,2026-08-16 16:13:41,18.19.0
Blinkit,Munmun Roy,5,Best app for last moment purchases. I hope they keep up to the standards and quality of service.,2026-08-16 16:13:28,
Blinkit,GOPI KISHORE BHATTACHARJEE,5,Nice,2026-08-16 16:13:13,18.19.0
Blinkit,Raza Syed,1,I ordered and eggs and it was rotten or something I don't know but I am not going to buy from here again I'm disponted for blinkit very much,2026-08-16 16:13:13,18.19.0
Blinkit,Sonam Rahi,5,oswm ..,2026-08-16 16:12:45,18.19.0
Blinkit,Permila Sah,5,nice,2026-08-16 16:12:33,
Blinkit,Sonal Ghuge,4,Nice,2026-08-16 16:10:46,18.13.0
Blinkit,K M Kesavan Unni,5,very good,2026-08-16 16:10:06,18.19.0
Blinkit,Mousumi,5,so good and much more variety than............,2026-08-16 16:10:05,18.3.0
Blinkit,Unsuccessful Ca Foundation Aspirant,4,good,2026-08-16 16:09:34,
Blinkit,Kisku raj official,5,good,2026-08-16 16:09:31,18.19.0
Blinkit,lakshmi shuba,1,i bought a hair massager for 699rs the item was damaged if I ask the help section they never did the needful to me pls don't trust this blinkit app.Pls consider my request thank you,2026-08-16 16:09:26,18.19.0
Blinkit,Parvez Bhandari,5,Good,2026-08-16 16:09:12,18.15.0
Blinkit,Anuska Ray,1,too late delivery so disappointed,2026-08-16 16:09:01,18.13.0
Blinkit,KELWIN,1,worst,2026-08-16 16:09:01,18.19.0
Blinkit,Laxmi Gabru,4,nice,2026-08-16 16:08:45,18.19.0
Blinkit,manasi pawar,5,I liked the fast delivery,2026-08-16 16:08:29,
Blinkit,Vinay kumar,2,okkkkkkkk,2026-08-16 16:08:21,18.19.0
Blinkit,ANAL BERA,5,wel come,2026-08-16 16:08:10,18.19.0
Blinkit,Mukhtiar Maan,5,very good app and service,2026-08-16 16:07:58,18.13.0
Blinkit,Mani Kant Pal,5,very usefull,2026-08-16 16:07:55,
Blinkit,Rashmi SD,1,"rider honks loudly each time, pls ask them to stop honking and distrubing everyone",2026-08-16 16:07:45,18.19.0
Blinkit,Gorav Singh,3,good for daily purchase,2026-08-16 16:07:00,18.19.0
Blinkit,Devendra Giri,4,good,2026-08-16 16:06:54,18.15.0
Blinkit,rahul sharma,1,Very poor,2026-08-16 16:06:50,18.19.0
Blinkit,Muthulakshmi,3,Nice 👍,2026-08-16 16:06:43,18.15.0
Blinkit,Karthik Reddy,1,worst customer service experience,2026-08-16 16:04:50,18.7.0
Blinkit,Jitendra Singh Rathore,5,👍,2026-08-16 16:03:36,18.15.0
Blinkit,Vikas Chauhan,1,they are very unresponsive and do misconduct dont buy from them,2026-08-16 16:03:21,18.19.0
Blinkit,Sumit Kumar,5,fast,2026-08-16 16:03:02,18.19.0
Blinkit,Upasana Mohanty,5,very convenient and fast delivery very good for lat moment needs,2026-08-16 16:00:57,17.97.3
Blinkit,Bagya Lakshmi,4,good service,2026-08-16 16:00:28,18.13.0
Blinkit,Kailash Soni,2,bad,2026-08-16 15:59:53,18.19.0
Blinkit,krishan datt,4,first time it was very good service but after sometime it stop accepting COD but now it gives best service,2026-08-16 15:58:51,18.19.0
Blinkit,Mansi Choudhary,5,very very nice,2026-08-16 15:58:05,18.19.0
Blinkit,Balasaheb Nangre,5,very good and fast sarvice,2026-08-16 15:56:13,18.15.0
Blinkit,Tanesh Bind,5,"it's very helpful, nice app!",2026-08-16 15:55:21,
Blinkit,Madhusmita Das,4,good,2026-08-16 15:55:00,17.99.1
Blinkit,Ayaan Mansoori,2,good,2026-08-16 15:54:51,17.91.0
Blinkit,amit rajput,5,nice,2026-08-16 15:53:28,18.19.0
Blinkit,akash sharma,5,best service,2026-08-16 15:53:10,
Blinkit,Sastry Kotha,5,"very user friendly , quick in delivery",2026-08-16 15:52:47,18.19.0
Blinkit,Rajkumar Dixit,5,good🌞👍,2026-08-16 15:51:40,
Blinkit,Isha Das,1,waiting to much for pick up the order,2026-08-16 15:50:31,
Blinkit,Lalita Mishra,3,improved service,2026-08-16 15:49:55,18.13.0
Blinkit,Jitendra Singh Bais,5,Nice experience,2026-08-16 15:49:49,18.19.0
Blinkit,Alijah Mohammad,5,super helpful app,2026-08-16 15:47:09,18.15.0
Blinkit,Vidya Yadav,5,why cash delivery not whyyyyyyy,2026-08-16 15:46:05,18.19.0
Blinkit,Tez,2,"The promotions are fake, always the delivery get more than 15 mnts",2026-08-16 15:45:01,
Blinkit,parveen kumar,5,good,2026-08-16 15:44:45,18.19.0
Blinkit,SAtish Tawaru,5,Show fast,2026-08-16 15:44:07,18.19.0
Blinkit,anurag pandey,5,good,2026-08-16 15:43:54,18.19.0
Blinkit,Pooja Chaudhary,2,best and public help,2026-08-16 15:43:06,18.15.0
Blinkit,ajitesh,5,Marvelous app,2026-08-16 15:43:05,18.15.0
Blinkit,Gunjan Shahi,4,thík hi hai,2026-08-16 15:41:52,18.19.0
Blinkit,Suman Biswas,5,awesome 👍,2026-08-16 15:40:35,18.19.0
Blinkit,Rajnish Kumar Rana,1,They sell products at much higher rates as compared to other instant delivery apps.,2026-08-16 15:39:23,18.19.0
Blinkit,Dr Aishwarya Pawar,5,"Brow, the co-op coupons are so like\n So good.\n I place once and one of the coupons literally reduced my order rupees. To ten",2026-08-16 15:39:18,18.19.0
Blinkit,SNV DRAGON,1,Every time getting the wrong product.,2026-08-16 15:38:49,18.19.0
Blinkit,Shivesh,3,not the best delivery,2026-08-16 15:38:27,18.15.0
Blinkit,Sonia Nandal,4,good 👍,2026-08-16 15:38:08,18.15.0
Blinkit,Jeelan shariff,5,good,2026-08-16 15:38:07,18.19.0
Blinkit,Sanvi,5,"⭐️⭐️⭐️⭐️⭐️ Amazing service! 🛍️✨ The delivery was super quick, everything was packed properly, and all the products arrived fresh and in perfect condition. Blinkit makes grocery shopping so easy and convenient. Definitely recommend! 💛",2026-08-16 15:38:04,
Blinkit,Nishant Talmale,5,best delivery partner,2026-08-16 15:37:41,18.15.0
Blinkit,Hashir Aslam,5,Good work,2026-08-16 15:37:15,18.19.0
Blinkit,Devi Durga,5,సూపర్,2026-08-16 15:36:54,18.15.0
Blinkit,Nandini Chate,5,very fast delivery experience.. so good quality product 👌,2026-08-16 15:36:05,18.19.0
Blinkit,mi mi,5,good pr,2026-08-16 15:34:58,18.19.0
Blinkit,Prakash kumar Gupta,5,Amazing,2026-08-16 15:34:26,18.19.0
Blinkit,andleeb kawoosa,4,"This is a very good and excellent app, it has almost everything except eggs are not on stock EVER.... and also it always shows that there is unserviceable service at my house, but I don't know how it always delivers it to my house.... SO GOOD APP KEEP UP THE SERVICE💯 ,it's so good it always delivers under 15 mins THANK YOU BLINKIT 😊💕❤️",2026-08-16 15:34:05,18.19.0
Blinkit,Ravinder Reddy,5,good,2026-08-16 15:34:02,18.19.0
Blinkit,Karthi Keyan,4,ok good,2026-08-16 15:33:32,18.9.3
Blinkit,santhi senthikumar,3,Nice,2026-08-16 15:33:10,18.19.0
Blinkit,Rajan Sunny,5,Good 👍,2026-08-16 15:32:53,18.19.0
Blinkit,zareen dhar,1,very bad aap,2026-08-16 15:32:36,18.19.0
Blinkit,Shaik Sadaquath,1,worsrt,2026-08-16 15:32:19,18.19.0
Blinkit,R 2,5,Actually good experience,2026-08-16 15:31:54,18.15.0
Blinkit,Swati Parekh,1,"need to care about the packaging bread was not properly covered and some slices of bread were missing , sometimes the bread are rotten😡",2026-08-16 15:31:45,18.19.0
Blinkit,Dr Amir hasan,5,it's amazing experience for me blinkit is time saver and very helpful for senior citizens thanks blinkit,2026-08-16 15:31:43,18.19.0
Blinkit,Krishna Salve,1,khane ka chez bhut bikar aata hai 🙂,2026-08-16 15:31:12,17.99.1
Blinkit,Mohit Khanna,5,good,2026-08-16 15:31:04,18.19.0
Blinkit,PRINCE KHATRI,5,good service,2026-08-16 15:29:29,18.19.0
Blinkit,Vikas Soni,5,Good 👍,2026-08-16 15:27:44,18.19.0
Blinkit,Shailendra Singh,5,fast Delivery Ok,2026-08-16 15:27:43,18.19.0
Blinkit,Vinod Pargi,5,nice product 😃 I am seritisfing for product the rider also good service,2026-08-16 15:27:25,18.19.0
Blinkit,Asia Khatoon,5,good,2026-08-16 15:26:02,18.13.0
Blinkit,Sanskar Choudhary,5,fast home delivery quality of products are also good and the price of any thing is lower then other,2026-08-16 15:25:36,
Blinkit,Nish Moriya,5,thik thik h pr mera 100 rupe abhi tk nhi mila,2026-08-16 15:23:57,
Blinkit,Anamika,5,good,2026-08-16 15:23:10,18.19.0
Blinkit,Shangita Singh,5,Received order quickly and received perfect item.,2026-08-16 15:23:06,18.19.0
Blinkit,Anirudha Deshmukh,5,very good customer service,2026-08-16 15:22:00,
Blinkit,Pushpa Yadav,4,some time it takes too much time 😞,2026-08-16 15:19:44,18.15.0
Blinkit,Radhika pareek,1,Not giving products as shown,2026-08-16 15:19:41,17.91.0
Blinkit,Vishal Yadav,5,Good 😊,2026-08-16 15:19:34,18.7.0
Blinkit,farid md,5,love to shop in Blinkit.,2026-08-16 15:18:43,18.19.0
Blinkit,Pradnya jadhav,5,it's really fun to just place an order i really liked there kindness too!!,2026-08-16 15:18:10,18.19.0
Blinkit,Keshav,5,Great Service,2026-08-16 15:16:52,
Blinkit,Muhammad sultan Sultan,1,ye sub se bekaar aap hai is me koi return ka option nahi agar aap koi product galti se galat ajai to wo return nhi hota yani ke aap ke paise vest meri side se isko rating 0 👎👎👎👎👎👎👎👎👎👎👎👎👎👎👎👎👎,2026-08-16 15:16:42,18.15.0
Blinkit,Muneera s,5,ok,2026-08-16 15:16:02,18.19.0
Blinkit,amrita singh,5,best of best order app,2026-08-16 15:15:49,18.15.0
Blinkit,rajveer singh shekhawat,5,very good service,2026-08-16 15:15:09,18.19.0
Blinkit,Sagar roy,5,good,2026-08-16 15:14:48,18.19.0
Blinkit,Sreelesh Jayaraman,5,"reliable, swift, trusted",2026-08-16 15:14:42,18.19.0
Blinkit,Meet,5,"too good, thats it!!",2026-08-16 15:12:53,18.19.0
Blinkit,Harpreet,5,less delivery fee and taxes and cheaper prices should be provided,2026-08-16 15:12:18,18.19.0
Blinkit,Rani Sen,5,am zamin appp,2026-08-16 15:09:47,18.19.0
Blinkit,Mohit Kumar,1,delivery time 10 mins and return time not listed. these guys totally ignore those customers who want to return. wrist service. डिलीवरी 10 मिनट में कर देते हैं। लेकिन रिटर्न का कोई पता नहीं। कोई भी इसे प्रोडक्ट ना मंगाये। यह लोग प्रोडक्ट को रिटर्न करने में आनाकानी करते है। मुझे कम से कम 2 घंटे लग गए कस्टमर सपोर्ट से लगातार चैट करते हुए। लेकिन फिर भी मेरा प्रोडक्ट रिटर्न नही किया।,2026-08-16 15:08:51,18.13.0
Blinkit,karunkumar nm,5,good,2026-08-16 15:08:10,18.15.0
Blinkit,christellaleonierosita john,5,very best app,2026-08-16 15:08:04,
Blinkit,Shrestha Paul,5,nice,2026-08-16 15:06:49,18.19.0
Blinkit,Porika Suhas,5,super cool and sweet,2026-08-16 15:06:34,18.19.0
Blinkit,Nayana P V,5,tis good,2026-08-16 15:06:23,18.19.0
Blinkit,Irshad Shaik,5,I like it,2026-08-16 15:05:51,18.19.0
Blinkit,anshuman anshuman,4,very useful app in case of any emergency,2026-08-16 15:05:49,18.19.0
Blinkit,Akramkhan Khan,5,super,2026-08-16 15:05:49,18.13.0
Blinkit,RAMU KANDHUKURI,5,ok,2026-08-16 15:05:42,18.19.0
Blinkit,neeraj gupta,5,It's work Great,2026-08-16 15:05:02,18.19.0
Blinkit,sakshi sharma,1,Ur delivery guy delivered my parcel to any random girl and didn't pick my calls also... I want my parcel back or refund.,2026-08-16 15:04:20,
Blinkit,Santos Gouda,3,Good 👍,2026-08-16 15:03:17,18.9.3
Blinkit,Aneesh Yoonush,5,good,2026-08-16 15:01:37,17.69.0
Blinkit,Kalpana Sunar,5,nice app,2026-08-16 15:01:31,18.19.0
Blinkit,Neetesh Kumar,3,good service,2026-08-16 15:01:10,18.19.0
Blinkit,Reena Sharma,1,bad,2026-08-16 15:00:35,18.19.0
Blinkit,Manisha Prajapati,5,ya I like the service,2026-08-16 15:00:01,18.13.0
Blinkit,bipin bihari,5,nice 👍,2026-08-16 14:59:41,18.15.0
Blinkit,Kantha Duvvi,3,nice,2026-08-16 14:59:09,18.19.0
Blinkit,Putan Yadav,5,Best,2026-08-16 14:58:44,
Blinkit,dhirender sinha,4,Good,2026-08-16 14:58:37,18.15.0
Blinkit,Mahadevaswamy N,5,good,2026-08-16 14:57:55,18.15.0
Blinkit,FENY ROY,5,very good,2026-08-16 14:57:41,18.19.0
Blinkit,nunny8 rentapalla,1,service cha rges are little high...but delivering at right time... vegetables quality is not good..,2026-08-16 14:57:08,18.15.0
Blinkit,Abhinav Pathak,5,great experience with blinkit 🫶🏻🩷,2026-08-16 14:56:17,18.15.0
Blinkit,Satish Guntupalli,5,super speed delivery,2026-08-16 14:56:04,18.19.0
Blinkit,Kanchan Sharma,4,a good resource,2026-08-16 14:56:04,18.13.0
Blinkit,piysuh kant Singh,5,Good,2026-08-16 14:55:57,18.19.0
Blinkit,monu Tushir,5,good,2026-08-16 14:55:42,18.19.0
Blinkit,Aiman Zaheer,5,good fast service,2026-08-16 14:55:19,18.19.0
Blinkit,Amman Roki,5,good 👍,2026-08-16 14:55:09,18.7.0
Blinkit,sanjib patra,5,excellant service,2026-08-16 14:54:36,18.15.0
Blinkit,Glowing Aesthetic,5,everyone should try this app because that's the India's first app to deliver in 10 minutes and for me it is a life saver 🛟💞 thank you blinkit 😭🥳,2026-08-16 14:54:19,18.15.0
Blinkit,Rahul Gupta,5,good,2026-08-16 14:53:46,18.19.0
Blinkit,Manoj Nayak,1,high price always,2026-08-16 14:53:36,18.19.0
Blinkit,Sonu Jedia,5,very good service and the quality of products are also very good,2026-08-16 14:53:17,18.19.0
Blinkit,Salim Khan,4,nice ♥️♥️♥️,2026-08-16 14:53:17,18.19.0
Blinkit,Ankita Vyas,5,wonderful,2026-08-16 14:53:05,18.19.0
Blinkit,Anoop Tiwari,3,👍,2026-08-16 14:52:35,18.19.0
Blinkit,vechalapu sai,5,good,2026-08-16 14:52:33,18.19.0
Blinkit,Aryan Sundrani,3,the order gets delayed and everytime they increase rupees,2026-08-16 14:52:29,
Blinkit,Mahesh,5,The service team delivery was fast but compared to the zepto the rates are a bit higher and no offers are available,2026-08-16 14:52:24,18.19.0
Blinkit,Sachin Dhoke,5,nice,2026-08-16 14:50:12,18.19.0
Blinkit,dream 11 win by guruji,5,good,2026-08-16 14:49:19,18.19.0
Blinkit,Jaismina jaiss,1,it just showing that delivery is arrived and deliver but I haven't receive any call or my order and it also not helping me either.,2026-08-16 14:48:47,18.13.0
Blinkit,Om Pandey,5,nice,2026-08-16 14:48:09,18.19.0
Blinkit,MADHURIMA MEHTA,1,"* some items are most probably fake items ( milk , chips etc from recognised brands ) . * extra charges are not the same from every consumer . why ?",2026-08-16 14:46:18,18.19.0
Blinkit,Piu Saha,5,good,2026-08-16 14:46:08,18.19.0
Blinkit,Aarav Atri,5,👍,2026-08-16 14:45:15,18.19.0
Blinkit,Maheesha Rajesh,4,good for online grocery shopping,2026-08-16 14:45:08,18.15.0
Blinkit,Sandya Purella,2,waste of time no coupon will apply even 1st order is not at all free surge will apply even tip will also be applies comparing to other apps this is not an good option,2026-08-16 14:44:55,
Blinkit,Balamani Balamani,5,This is a helpful app for me,2026-08-16 14:44:11,18.19.0
Blinkit,Ram gulam Yadav,5,good,2026-08-16 14:43:56,18.15.0
Blinkit,Bhaskar Ingle,5,time saving.,2026-08-16 14:43:42,18.19.0
Blinkit,Madhubalan,1,order's brand mismatch happened for my first order. very disappointed,2026-08-16 14:42:46,18.19.0
Blinkit,Naksh Jangid,5,good,2026-08-16 14:41:06,
Blinkit,Zaffar Mehdi Akhoon,1,Offers kam Aane lagee Ab?,2026-08-16 14:40:47,18.15.0
Blinkit,Gangaprasad Mudhal,5,ok,2026-08-16 14:40:45,18.19.0
Blinkit,payel chatterjee,5,awesome 👌👌,2026-08-16 14:40:10,18.19.0
Blinkit,Yogesh Shete,4,good 👍,2026-08-16 14:40:02,18.19.0
Blinkit,Praveen Harinkhede,4,nice,2026-08-16 14:39:18,18.19.0
Blinkit,Roshni Sonkar,5,good,2026-08-16 14:38:25,18.15.0
Blinkit,Lubna Firdous,2,too much extra money taking,2026-08-16 14:38:15,18.13.0
Blinkit,Avipsha A,1,They make an order excessively expensive for no reason. Zepto is much better in all terms,2026-08-16 14:38:12,
Blinkit,nitish Kumar,5,good,2026-08-16 14:37:37,18.19.0
Blinkit,Rohit Sharma,1,ek order Kiya h just abhi app 10 rupe rain ka charge add kr rhe ho arin to h hi nahi m khud office aaya hu tej dhup m app ye explain kro ki jab rain nahi h to rain surcharge kis chiz ka le rhe ho app pr chat boat ko complaint raise kro to wo bta rha ki ye system se h it's not refundable agr tej dhup bhi h tab bhi apko rain ka charge dena hoga its not your right that koii sunne wala bhi nahi h high dimand product to aisa show krke charge kro sidhe itna dhup m barish ka charge kat r,2026-08-16 14:36:48,18.19.0
Blinkit,Rohit Raj,1,Bad experience with the face wash,2026-08-16 14:36:39,18.19.0
Blinkit,Kirti Devikar,5,nicely delivered,2026-08-16 14:34:58,17.85.0
Blinkit,Raju Kundu,5,very good 👍,2026-08-16 14:34:56,18.19.0
Blinkit,Ahmer Siddiqui,4,it's amazing and fast delivery,2026-08-16 14:34:54,18.19.0
Blinkit,Mahesh Mhatre,1,worst delivery riders who don't know about the location they are serving,2026-08-16 14:34:38,18.19.0
Blinkit,D M,5,ok,2026-08-16 14:34:15,18.19.0
Blinkit,Ravi Ricky,5,good,2026-08-16 14:34:12,18.15.0
Blinkit,Rubi Kumari,2,ok ok,2026-08-16 14:33:54,18.19.0
Blinkit,Deepak Saini,4,good,2026-08-16 14:32:10,
Blinkit,Tkhan Khan,3,good,2026-08-16 14:32:03,18.19.0
Blinkit,Javeriya anjum,5,loved the service 😀,2026-08-16 14:31:16,18.19.0
Blinkit,Aakash Baraik,5,blinkit is very good,2026-08-16 14:30:37,18.19.0
Blinkit,Divyanshu Sharma,5,awesome,2026-08-16 14:29:46,18.13.0
Blinkit,Sholok Kumar pandey,5,👍👍👍,2026-08-16 14:29:41,18.19.0
Blinkit,Arup Saikia,1,please fast delivery,2026-08-16 14:29:38,18.19.0
Blinkit,Rider,1,I am chicken ordered chicken is cooked but bad smell,2026-08-16 14:27:23,18.19.0
Blinkit,Rahul Singh,5,good,2026-08-16 14:26:50,
Blinkit,shalin srivastava,5,very good,2026-08-16 14:25:54,18.19.0
Blinkit,Amit Kumar,5,good job,2026-08-16 14:23:35,18.19.0
Blinkit,Pankaj Dubey,4,😊,2026-08-16 14:22:58,18.15.0
Blinkit,Dipti Mahindru,4,very good..but some times the things are defected,2026-08-16 14:22:36,18.19.0
Blinkit,Akila Akila,1,delivery charges higher,2026-08-16 14:22:15,18.15.0
Blinkit,Guddu Kumar,1,used product delivered,2026-08-16 14:21:39,18.7.0
Blinkit,Sarika Patil,4,good for quick cravings 😁,2026-08-16 14:21:37,18.19.0
Blinkit,Ambit Nayak,5,👍,2026-08-16 14:19:51,
Blinkit,Om Prakash,5,good,2026-08-16 14:18:38,18.15.0
Blinkit,ALAGUPONNAIAH V,5,Very nice,2026-08-16 14:18:37,18.19.0
Blinkit,Jaya Ganesh,4,super,2026-08-16 14:18:25,18.7.0
Blinkit,vivian,5,very useful app .. I had nice expireanc,2026-08-16 14:18:10,18.7.0
Blinkit,md rafi,3,super,2026-08-16 14:18:10,18.19.0
Blinkit,Sara Kulkarni,5,I genuinely can't explain how helpful this app has been for the past year.,2026-08-16 14:17:32,18.19.0
Blinkit,Sonu kumar,5,best,2026-08-16 14:16:29,
Blinkit,Tony Stark,5,exceptionally Good,2026-08-16 14:16:12,
Blinkit,bhavesh kathad,2,worst product and fully waisted of money,2026-08-16 14:14:45,18.7.0
Blinkit,Dakshit Tandon,4,ok ok,2026-08-16 14:14:44,18.19.0
Blinkit,Bedaprakash Nayak,5,best platform for fast delivery,2026-08-16 14:11:24,18.13.0
Blinkit,Aarti Lohmod,5,fast delivery,2026-08-16 14:11:21,18.15.0
Blinkit,Shatrohan Das,5,nice,2026-08-16 14:11:09,18.19.0
Blinkit,Nagendra Yadav,5,Nice,2026-08-16 14:10:53,18.19.0
Blinkit,Ashutosh Chaudhary,5,Good,2026-08-16 14:10:51,18.19.0
Blinkit,Diksha Thakur,5,cass on delivery is bast option,2026-08-16 14:10:45,18.15.0
Blinkit,Pushkar Tyagi,1,chee kala hairband nhi milta,2026-08-16 14:09:59,18.15.0
Blinkit,Kalai Selvi,5,super,2026-08-16 14:09:47,18.19.0
Blinkit,Ashutosh Choubey,5,very good app,2026-08-16 14:08:31,
Blinkit,Blizzard,5,very good,2026-08-16 14:07:50,18.19.0
Blinkit,Deepak Rathod,5,it's good for everything 😌 🙌 👌 ☺️,2026-08-16 14:07:20,
Blinkit,Amar Parida,5,best platform 🫶,2026-08-16 14:07:06,18.13.0
Blinkit,Satwinder Nahar,5,good experience,2026-08-16 14:06:17,18.19.0
Blinkit,Gurpreet singh Jandu,5,Good 💯,2026-08-16 14:05:24,18.19.0
Blinkit,Kajal Kajal,2,best services,2026-08-16 14:04:02,18.15.0
Blinkit,Nitin Yogi,5,good service,2026-08-16 14:02:13,17.99.1
Blinkit,Ravi Rekwar,5,Good,2026-08-16 14:02:08,18.15.0
Blinkit,Tarana Nehal,1,"Very disappointing experience with Blinkit. The products delivered were of poor quality and did not meet the expected standards. It feels like customers are being taken for granted and charged for products that are not worth the money. Please take quality complaints seriously and ensure customers receive fresh, genuine, and good-quality products.",2026-08-16 14:01:23,18.15.0
Blinkit,Eram Khan,5,very nice app,2026-08-16 14:01:15,18.19.0
Blinkit,Nimisha Verma,4,good,2026-08-16 14:00:55,18.19.0
Blinkit,pallavi bagchi,4,best services bit plz provide proper bags for big order..i ordered 7000 rp items and got torn bag worst experience,2026-08-16 14:00:21,18.15.0
Blinkit,Roshan Kumar,5,over delivery charges,2026-08-16 13:59:50,18.19.0
Blinkit,MrPinging,5,very good,2026-08-16 13:59:47,18.19.0
Blinkit,Pooja Shinde,5,I am happy with the service now. they give fast delivery,2026-08-16 13:56:32,15.55.2
Blinkit,Muruganand Kanakasundaram,5,good,2026-08-16 13:55:48,18.19.0
Blinkit,Dimpi Akash,5,very good 👍,2026-08-16 13:54:56,18.15.0
Blinkit,Ranu Chauhan,5,very nice blinkit,2026-08-16 13:54:21,18.19.0
Blinkit,DHIMAN CHOWDHURY,5,very good and time bound,2026-08-16 13:54:05,18.19.0
Blinkit,MOMEEN SAIFI,5,👍,2026-08-16 13:52:41,18.19.0
Blinkit,Kailash 3434 kailash,5,best,2026-08-16 13:52:27,17.97.1
Blinkit,Golu Pal,3,Very Good 👍,2026-08-16 13:51:48,18.13.0
Blinkit,Ks Subhash,5,ok good,2026-08-16 13:50:35,18.15.0
Blinkit,Manish Khanna,5,OK,2026-08-16 13:50:35,18.19.0
Blinkit,PUSHPA H S,3,good,2026-08-16 13:50:13,
Blinkit,Mani Muthyala,5,super 😊 giving too fast thank u blinkit,2026-08-16 13:50:06,18.19.0
Blinkit,Suresh Bodkhe,1,"worst,",2026-08-16 13:49:20,18.19.0
Blinkit,Mrinal Dhara,4,It is really fascinating experience!!,2026-08-16 13:49:15,18.19.0
Blinkit,Amit Sarwang,1,Extra Overcharged and Pathetic app...,2026-08-16 13:47:28,18.19.0
Blinkit,Kamalanathan T,5,Instant Delivery,2026-08-16 13:47:25,18.19.0
Blinkit,Unmesh Krishnan,5,Wow,2026-08-16 13:46:37,18.19.0
Blinkit,BYE BYE,5,good at all,2026-08-16 13:46:20,
Blinkit,Sunil Patel,1,no cash on delivery. and my last icecream order was of 2 icecreams but got one and I have been charged for 2.,2026-08-16 13:46:03,
Blinkit,Mahesh Yamala,1,There is no option for cancelation ofter order booked,2026-08-16 13:45:45,18.19.0
Blinkit,Sushant Nikki,5,good,2026-08-16 13:45:27,
Blinkit,Sanchita Ghadi,5,best app,2026-08-16 13:44:55,18.7.0
Blinkit,meera Pal,5,good,2026-08-16 13:44:08,18.19.0
Blinkit,Payel Koley,5,greatttt,2026-08-16 13:44:03,18.19.0
Blinkit,Srinivasarao Sodipilli,4,good,2026-08-16 13:43:00,
Blinkit,Jayant Chandorkar,5,awesome but some products are duplicates which is serious concern,2026-08-16 13:42:01,
Blinkit,Harshit Jain,1,chat response pathetic,2026-08-16 13:41:38,
Blinkit,Sam D,1,Selling Spoiled Goods sometimes,2026-08-16 13:41:21,
Blinkit,A Google user,5,superb,2026-08-16 13:41:04,18.19.0
Blinkit,sachin mane,5,very good,2026-08-16 13:40:23,18.15.0
Blinkit,Rajesh Sarkar,1,"refund is pathetic ,no response at all",2026-08-16 13:40:09,18.19.0
Blinkit,Ujjwala Shinde,4,nice 👍,2026-08-16 13:40:05,18.13.0
Blinkit,prasad desai,5,value for money,2026-08-16 13:36:37,
Blinkit,Shaik Ayaan,4,Mind blowing offers,2026-08-16 13:35:50,18.19.0
Blinkit,abhi saini,5,good service 💯,2026-08-16 13:35:16,18.19.0
Blinkit,Dhiresh ratnakar,5,gooood,2026-08-16 13:35:14,18.19.0
Blinkit,AYAN CHOWDHURY,5,good service,2026-08-16 13:34:39,18.7.0
Blinkit,DHANASEKARAN VENKATESAN,5,it was very nice . you can get whatever you want in just a few minutes . I love this app,2026-08-16 13:32:39,18.19.0
Blinkit,Mukesh,1,this app is very bad 👎👎,2026-08-16 13:32:06,18.15.0
Blinkit,danzone 7983,3,good 😊,2026-08-16 13:31:04,18.15.0
Blinkit,Saurav Gupta,1,it's a bluff.. worst platform for shopping.. prices on platform is more than actual mrp,2026-08-16 13:31:02,
Blinkit,Eshwanath Hallur,5,best,2026-08-16 13:30:41,18.15.0
Blinkit,Rahil Khan,5,"​""A game-changing life-saving feature. Utmost respect to the team! 🙌"" #blinkitambulance",2026-08-16 13:30:32,18.15.0
Blinkit,Amit Singha,5,nice,2026-08-16 13:29:02,18.19.0
Blinkit,DON KING,4,I love this app but the friendship band and more bracelet were expensive so I will give 4 star rating to this app,2026-08-16 13:29:00,18.19.0
Blinkit,Prem Kumbhre,5,okay okay,2026-08-16 13:28:22,18.19.0
Blinkit,Nisha Pandey,5,this app is so good🫠🫠,2026-08-16 13:27:46,18.13.0
Blinkit,Anurag pal,5,good,2026-08-16 13:26:44,18.19.0
Blinkit,Pahadi Oggy,5,goob app,2026-08-16 13:26:30,18.19.0
Blinkit,Abhilash,1,need internally improvement like cash on delivery and return or exchange products.,2026-08-16 13:25:50,
Blinkit,Sulekha Gusain,5,nice,2026-08-16 13:25:31,18.19.0
Blinkit,Sania Khan,1,received expired products and fake products refuse to refund it,2026-08-16 13:24:11,18.15.0
Blinkit,Yogesh Rohilla,5,best,2026-08-16 13:21:59,18.19.0
Blinkit,Siddhant Katare,1,"Blinkit's customer support is terrible; they delivered the wrong item to me. I messaged support, but they aren't replying and keep closing my chat repeatedly.",2026-08-16 13:21:55,18.19.0
Blinkit,Vandna Rathod,5,very good product fast delivery 👌 👍,2026-08-16 13:21:49,18.19.0
Blinkit,Sanjay Raj,4,mehga bhot h,2026-08-16 13:20:47,18.19.0
Blinkit,SANKAR BANERJI,4,good👍,2026-08-16 13:19:41,18.19.0
Blinkit,Deepak Kumar,4,best,2026-08-16 13:19:27,18.13.0
Blinkit,Kartikey Minecraft,5,best app and delivery time is very nice 👍🙂,2026-08-16 13:19:00,18.19.0
Blinkit,Joginder S,4,more description of item should be there. delivery partners should call customer if address they cannot understand properly. they should use app services rather Wasting customer and their own time. Products are readily available as Bahadurgarh Haryana city doesn't upgraded properly as per Govt. and city requirements Development. keep running this Business 👍,2026-08-16 13:18:23,18.19.0
Blinkit,Rani Rani,5,intresting app and very helpful for busy persons and it's very useful for our daily life things also,2026-08-16 13:17:10,18.19.0
Blinkit,Abhishek Gupta,5,well,2026-08-16 13:16:54,18.15.0
Blinkit,Asha Kholi,5,best,2026-08-16 13:16:41,18.19.0
Blinkit,Shivanna Radha,5,best app,2026-08-16 13:14:50,18.19.0
Blinkit,Kevin Khandyal,4,good service,2026-08-16 13:14:12,17.79.1
Blinkit,HAMZA KHAN,5,it's very good😊,2026-08-16 13:13:13,
Blinkit,Jaya Patar,5,the application is very good,2026-08-16 13:12:06,18.19.0
Blinkit,Ajay Sonawane,4,good service 👍👌,2026-08-16 13:11:19,18.15.0
Blinkit,Fariyad Khan,5,is very useful and good app,2026-08-16 13:10:12,18.19.0
Blinkit,Aditya Singh,4,good service,2026-08-16 13:09:58,18.19.0
Blinkit,Satyabrata Rath,2,Stop sending notification ever 30 seconds,2026-08-16 13:09:33,18.19.0
Blinkit,Misbah Pathan,5,Their services are fantastic.,2026-08-16 13:09:07,
Blinkit,Sahil Khan,5,good service,2026-08-16 13:08:55,
Blinkit,ijass ahmad,5,great 👍,2026-08-16 13:08:53,17.91.0
Blinkit,Avishesh Rana,5,good 👍,2026-08-16 13:07:58,18.19.0
Blinkit,Meenoo Srivastava,5,Fastest delivery,2026-08-16 13:07:43,18.19.0
Blinkit,Amit Ray official,3,good,2026-08-16 13:06:27,18.7.0
Blinkit,Hirock Bhattacharjee,5,nice app and fast delivery,2026-08-16 13:05:37,18.19.0
Blinkit,Sripathi N,5,good,2026-08-16 13:04:23,18.19.0
Blinkit,Tanya Sharma,4,good,2026-08-16 13:04:15,18.7.0
Blinkit,Amritpal Singh,1,"मुझे एक पानी की एक बोतल जो आम तौर पर किराना स्टोर पर 15 जा 20 रुपये की मिलती है वो मुझे इमर्जेंसी में ज्यादा से ज्यादा 25,27, जा फिर 30 रुपये ले लेने चाहिए थे मगर उस 18 रुपये की बोतल का दाम blinkit aap पर 73 रुपये लिए गए हैं मुझे यह कुछ ठीक नहीं लगा |",2026-08-16 13:03:12,18.13.0
Blinkit,Sathvica Tammana,1,not even responding correctly money. money got debited and didn't refunded and order didn't placed. No responsibility towards customers too....,2026-08-16 13:02:58,
Blinkit,Ajit Pawar,5,awesome service 😀,2026-08-16 13:02:36,
Blinkit,Immortal Subrat,1,"blinkit never gives any discount or free cash, it rarely gives any freecash even after making a big bill,unlike other apps",2026-08-16 13:01:43,18.19.0
Blinkit,Shivam Kumar,5,very helpful,2026-08-16 13:01:41,17.95.3
Blinkit,Bhanu pratap Singh,5,good job blink,2026-08-16 13:00:33,18.13.0
Blinkit,Vishal Jain,1,yaha pr jo saman aata hai kaafi baar expire date item aaya hai voh item ke customer care pr call krke bta chlta hai batch number bta kr ki expired hai jbki item pr expired date kaafi aage ki hoti hai,2026-08-16 13:00:32,
Blinkit,Prem,5,I like blunkit,2026-08-16 13:00:13,
Blinkit,Deepak Gupta,5,100 star ka option hai kya!??,2026-08-16 12:58:42,18.19.0
Blinkit,gautam kumar,5,good 👍,2026-08-16 12:57:30,18.19.0
Blinkit,Madhuri Yadav,5,nice,2026-08-16 12:57:17,18.19.0
Blinkit,Harpal Singh,1,very bad experience over priced,2026-08-16 12:56:25,
Blinkit,Mintu Yadav,5,very nice app and min delivery,2026-08-16 12:56:00,18.19.0
Blinkit,Sanjiv kumar Saxena,5,it's very good fast and responsive I ordered something and I have ordered many your Times and it was flawless and very nice and responsive,2026-08-16 12:54:45,14.20.0.2
Blinkit,green Gwalior bhupendra,5,good,2026-08-16 12:53:57,18.13.0
Blinkit,Bansal advocate bansal,5,very nice quality 👌,2026-08-16 12:53:43,18.19.0
Blinkit,Manjula H N,5,good,2026-08-16 12:53:24,18.15.0
Blinkit,Kumar Akhilesh,5,good 👍,2026-08-16 12:53:02,18.19.0
Blinkit,mohammed zeeshan,4,good,2026-08-16 12:52:40,18.15.0
Blinkit,Bhaumik Modi,5,very good,2026-08-16 12:52:22,18.19.0
Blinkit,Divyesh Ramani,5,very fast,2026-08-16 12:51:08,18.19.0
Blinkit,Aakash Kumar,1,chor hote hai sale blinkit wale mera ek item return nhi kar raha hai,2026-08-16 12:51:04,18.15.0
Blinkit,DEEPAK RANA,5,nice,2026-08-16 12:50:51,18.9.3
Blinkit,Ransingh Dahiya,4,V.good. packing for milk/eggs etc need improvement.,2026-08-16 12:49:49,18.19.0
Blinkit,Mohd Akif,5,HONESTLY! i love Blinkit! the products I've received till now (including few medicines) none have been delivered in a way that's questionable! like actually they deliver the products in a good way without causing any harm to it! Also Blinkit has an option to get a prescription from a doctor before the medicine order is placed! SOOO COOL!,2026-08-16 12:48:53,
Blinkit,Jatin Maurya,5,Best,2026-08-16 12:45:15,18.19.0
Blinkit,jaya prakash.G,5,good fast delivery,2026-08-16 12:44:16,18.7.0
Blinkit,Rosemary Gomes,5,Sometimes after receiving the product you will find few items is been missing...it happened with me thrice ......😞after contacting the customer service they will place for the refund and return option but the refund methods seem too fishy🤔,2026-08-16 12:44:01,
Blinkit,Hasan Shaikh,5,best app emergency good product I Love blinkit,2026-08-16 12:43:49,18.15.0
Blinkit,Divyanshu shani,5,it is very useful for our life,2026-08-16 12:43:47,18.15.0
Blinkit,Krishna_ Choudhry09,5,ok,2026-08-16 12:43:33,18.19.0
Blinkit,Jaswinder Singh,4,Great,2026-08-16 12:43:20,18.19.0
Blinkit,Vinay mishra Ayodhya,5,👍,2026-08-16 12:42:02,18.13.0
Blinkit,DK NAIK,5,Nice sarvice,2026-08-16 12:41:54,17.97.2
Blinkit,Elakiya Kavitha,5,Good,2026-08-16 12:41:32,18.19.0
Blinkit,Tiyasha Mondal,5,good,2026-08-16 12:41:16,18.9.3
Blinkit,Ishu Dahiya,4,10 rupees kurkure not available,2026-08-16 12:41:16,
Blinkit,Vaishali,5,good service,2026-08-16 12:40:30,18.19.0
Blinkit,ASIYA,5,super,2026-08-16 12:40:15,18.19.0
Blinkit,Asoke Biswas,5,let me see how is my total experience,2026-08-16 12:40:01,17.99.1
Blinkit,Anand kumar Anan,5,nice,2026-08-16 12:38:51,18.19.0
Blinkit,Rakesh Nakum,5,Nice and fastest order delivery app,2026-08-16 12:38:47,18.19.0
Blinkit,NIDHI GUPTA,4,a bit expensive,2026-08-16 12:34:15,18.15.0
Blinkit,Happy Life,1,"""I got a notification offering a 50off on my first 10 orders. However, the promotion didn't reflect when I tried to place an order, so I decided not to purchase anything.""",2026-08-16 12:33:57,18.19.0
Blinkit,Dhruba Bala,5,"nice, good app for gen'z",2026-08-16 12:32:48,18.15.0
Blinkit,Prohem De,1,Wrost Delivery Persons Behaviour. Worst app.,2026-08-16 12:32:25,
Blinkit,Anand Kapadia,4,a lot of SKUs available- better than competition,2026-08-16 12:32:14,18.7.0
Blinkit,Mohd Hashim,1,good,2026-08-16 12:31:42,18.19.0
Blinkit,Pm Saab,1,"bakvas , ghatiya , poor experience",2026-08-16 12:31:03,18.19.0
Blinkit,Jayant Kela,5,best app,2026-08-16 12:30:04,
Blinkit,Akshat Garg,5,Very good and every time on time,2026-08-16 12:29:56,
Blinkit,Koushik Mandal,5,I like this,2026-08-16 12:29:35,18.19.0
Blinkit,Kapil Dev,5,handling charges on my app is high other than phone app,2026-08-16 12:29:15,18.19.0
Blinkit,Sahil Sehjada,5,good 👍I like blinkit awesome👍👏😊,2026-08-16 12:29:08,18.19.0
Blinkit,NARESH KUMAR,5,first order,2026-08-16 12:27:49,18.15.0
Blinkit,Neeraj Malhotra,5,good,2026-08-16 12:27:30,18.13.0
Blinkit,Ram kumar Kunwar,5,good service,2026-08-16 12:27:30,18.19.0
Blinkit,vaibhav dorle,5,nice,2026-08-16 12:27:07,18.19.0
Blinkit,DARSHAN DUGGAVAR,5,supper,2026-08-16 12:27:01,18.19.0
Blinkit,Sohil Shekh,5,nice,2026-08-16 12:26:54,18.19.0
Blinkit,Piali Das,1,they sent apples instead of pomegranate,2026-08-16 12:26:15,18.9.3
Blinkit,Ravi Sharma,1,"I got logged out one day from the app, and now I don't receive otp message to login again. I receive otp for other apps. Restarted phone. Un-installed and re-installed the app again, but still facing same issue.",2026-08-16 12:26:13,
Blinkit,sai navaneeth,1,"I’m extremely disappointed with my experience with Blinkit. This is honestly one of the worst platforms I’ve dealt with when it comes to product accuracy and customer handling. After repeated issues with damaged products, product discrepancies, misleading presentation, and extremely unsatisfactory customer support . The platform seriously needs to improve its product listings, quality control, transparency, and customer grievance handling. A very disappointing experience",2026-08-16 12:25:33,
Blinkit,Shubhra Vijay,5,helpful,2026-08-16 12:25:23,18.19.0
Blinkit,Swadeep raja bundela,5,good,2026-08-16 12:25:00,18.7.0
Blinkit,Sachin Mishra,4,Very Good 👍,2026-08-16 12:23:01,18.19.0
Blinkit,Arun Raguram,4,"just need to be better when delivering ice cream and other cold items, which are melted by delay of other orders...",2026-08-16 12:22:46,18.15.0
Blinkit,Ritu Kagra,5,jaldi aajal,2026-08-16 12:22:32,18.19.0
Blinkit,Chahat Bhatti,1,item ke orignal price se zyada charge inka hota h aur ... delivery bhi late hoti h,2026-08-16 12:21:54,
Blinkit,Sachin Salunke,5,Good 👍,2026-08-16 12:21:38,18.19.0
Blinkit,tallurirakesh rakesh,4,fast delivery plz,2026-08-16 12:20:11,18.19.0
Blinkit,Amar Tyagi,5,excellent 👍,2026-08-16 12:19:44,18.19.0
Blinkit,Affan Khalid,5,I HAVE NO WORD FOR BLINKIT AND BLINKIT FAMILY BUT THNX TO ALL.,2026-08-16 12:19:38,18.15.0
Blinkit,Chandrasekhar N,5,Excellent,2026-08-16 12:18:44,18.19.0
Blinkit,Ankit Kath,1,too bed experience,2026-08-16 12:17:55,
Blinkit,Dipesh Agarwal,3,prices are high comparison to Amazon Now or Jio Mart,2026-08-16 12:17:35,18.19.0
Blinkit,Sujikador videos,5,"Blinkit is a really nice and featured app. Their services are really good.... Also I like their brown bags coz they're eco -friendly and also filled with printed activities, I enjoy them.... Thankyou Blinkit",2026-08-16 12:15:38,18.19.0
Blinkit,vasantha ramachandran,5,good,2026-08-16 12:14:57,18.15.0
Blinkit,Mohamad Sk,5,good👍,2026-08-16 12:13:21,18.13.0
Blinkit,Neelam Yadav,5,woww,2026-08-16 12:13:13,
Blinkit,nayeem Patel,5,very good app,2026-08-16 12:12:19,18.19.0
Blinkit,Shadab Qureshi,3,good 👍,2026-08-16 12:12:14,18.19.0
Blinkit,Hitesh Bhachani,5,nice app for quick delivery,2026-08-16 12:11:25,18.19.0
Blinkit,Pankaj Kumar,5,smoothly working,2026-08-16 12:10:51,18.19.0
Blinkit,Ankit Maurya,1,"Sorry Blinkit, please maintain the hygiene of your stores. We pay you for fast delivery, it doesn't mean you will deliver poor quality items.",2026-08-16 12:10:09,
Blinkit,champa joshi,1,worst customer experience,2026-08-16 12:09:09,18.15.0
Blinkit,Hiren Gamit,5,"ખુબજ સરસ સેવા પૂરી કરે છે , BLINKIT..❤️🫡",2026-08-16 12:08:42,18.19.0
Blinkit,srinivas pulibanti,5,very fast delivery and good response,2026-08-16 12:08:21,18.19.0
Blinkit,Royal Jaat,5,best,2026-08-16 12:07:29,18.19.0
Blinkit,Nikunj Patel,1,Third class company.... first say order above 200rs and get free delivery charge... and now high demand surge charge is 30rs... public ko ullu banate he ye log.... Switch Zepto...,2026-08-16 12:07:27,18.19.0
Blinkit,Janardhan Naik,1,"please don't buy household items they'll not return or refund , recently I purchased a Wonderchef kettle it's fully plastic coating and I spoke with customer executive anjali they said no refund or returnable",2026-08-16 12:07:16,18.15.0
Blinkit,Vaishali Dongare,5,nice,2026-08-16 12:06:25,18.15.0
Blinkit,Vansh,1,maine parso boat k wired earphones liye thy jo ki mujhe 400 padey par kal hi unme sound automatically increase ka issue aw gya or jb main return laga daalne tkh blinkit walo ka jo issue raise krne wala page hai usme mo video maangte hai jisme maine daal di video but vo video upload hi ni ho ri jo ki 10 sec ki b try Kari or fir 5 sec ki bhi uski loading hi complete bi hori so ab next time se nai for offical website se mangwunga na company ki kyonki waha pe unk return policy fast hai blinkit se,2026-08-16 12:06:06,
Blinkit,naitik singh,5,nice,2026-08-16 12:06:02,18.7.0
Blinkit,Joydip Mandal,5,Seamless deliveries.,2026-08-16 12:04:57,18.19.0
Blinkit,Aditi Kumari,5,this ap is too much good,2026-08-16 12:04:28,
Blinkit,Punit singh Punit singh,5,good service,2026-08-16 12:04:15,18.15.0
Blinkit,Nirav Parmar,1,"very very very disappointed, I ordered first time in blinkit and by mistakly wrong item selection,so I replace this item , so connected customer care support team but they are not properly answering and I arranged telephonic call but also not properly answering and not listing my problem, i also email to blinkit but they are also same and not satisfied service. so totally disappointed experience with blinkit.",2026-08-16 12:04:00,18.15.0
Blinkit,Meenakshi Mathurkar,1,"I am not satisfied with this app , I ordered for large size short pants but I got medium size due to app bugs or issue and customer care is not replacing it,I am very disappointed and dissatisfied with app",2026-08-16 12:03:30,18.9.3
Blinkit,Santosh adhikari,5,very good app and it also have cod,2026-08-16 12:01:37,18.19.0
Blinkit,Tanvir Pathan,5,Nice,2026-08-16 12:00:53,18.19.0
Blinkit,Vikas Pandey,1,took extra charges,2026-08-16 11:58:23,18.15.0
Blinkit,Madhu Sinha,5,this app gives the best service in India,2026-08-16 11:58:04,18.19.0
Blinkit,Rajendra,3,blinkit is making expensive,2026-08-16 11:57:42,18.19.0
Blinkit,Moni Singh,5,Good 👍😊,2026-08-16 11:57:38,18.13.0
Blinkit,Jaikishan Meena,4,it is good and life saver app which provides items fast as they can but simetimes the delivery partners don't deliver fast they take way much time than shown on screen,2026-08-16 11:56:29,18.15.0
Blinkit,Karan Malothra,5,very good delivery,2026-08-16 11:55:36,18.19.0
Blinkit,Akhilesh Baghel,5,good,2026-08-16 11:55:24,18.19.0
Blinkit,Sandeep Sandeepkumar,5,good,2026-08-16 11:55:08,18.19.0
Blinkit,Akash Yadav,5,super 👍👍👍,2026-08-16 11:54:49,18.7.0
Blinkit,Ragwendra Yadav,5,good,2026-08-16 11:54:07,18.19.0
Blinkit,Riddh Karan,4,very nice app,2026-08-16 11:53:32,18.19.0
Blinkit,Shoaib Akthar,3,it is a decent app for getting delivered of your groceries,2026-08-16 11:52:48,
Blinkit,Fathima Afreen,1,worst service,2026-08-16 11:51:59,18.19.0
Blinkit,The crafter Anshika,5,i love this app and very quick service.,2026-08-16 11:51:47,
Blinkit,Pandit Shri Tridev Sharan Shastri Ji Maharaj,3,thik thak,2026-08-16 11:51:45,18.19.0
Blinkit,Namansh Tiwari,1,off far nahi giya,2026-08-16 11:51:38,18.19.0
Blinkit,Thalapathy Ananth,5,Good things to be updated. Great one for all things Keep forward and improve more things to be easy for ourself. Great 👍🏼 Thanks for the team 😄,2026-08-16 11:51:11,18.19.0
Blinkit,Ankur Mishra,5,good,2026-08-16 11:50:22,18.15.0
Blinkit,kavindra singh negi,5,best aap,2026-08-16 11:49:46,18.19.0
Blinkit,Hamid Ali C,4,good,2026-08-16 11:49:00,18.15.0
Blinkit,Harsh verma,1,always too late delivery,2026-08-16 11:48:26,18.19.0
Blinkit,ashish gupta,1,coupon kaam nahi krta jo coupon available hai ye log farzi karte hai coupon saare invalid batate hai apply karne par fake..... disgusting,2026-08-16 11:47:29,
Blinkit,Arnav,5,good for timming,2026-08-16 11:46:31,18.19.0
Blinkit,asrar iraqi,1,very bad experience don't install blinkit ye ek company ka fraud hai galat samn dilivery karte hai or fir bolte sahi Kia tha don't use blinkit #boycott blinkit,2026-08-16 11:46:01,17.97.3
Blinkit,Yadav Raj,5,good service,2026-08-16 11:45:07,18.19.0
Blinkit,Hemant Jain,1,This is highly unprofessional of blinkit to not send carry bag and with so many items involved. VERY POOR BLINKIT,2026-08-16 11:44:46,18.19.0
Blinkit,Nasir Khan,5,nice service,2026-08-16 11:44:05,18.15.0
Blinkit,Phoenix Phoenix,5,nice,2026-08-16 11:40:57,18.9.3
Blinkit,Telangana Yadagiri TGY,4,good service 👍,2026-08-16 11:40:54,18.13.0
Blinkit,Tasleem Ali4041,4,good,2026-08-16 11:40:17,18.19.0
Blinkit,Rajesh Sharma,5,it's okay,2026-08-16 11:39:55,18.7.0
Blinkit,Azhar Ansari,5,best,2026-08-16 11:37:38,18.19.0
Blinkit,Sneha Chhabria,4,the process to type in the address is complicated . needs to be simplified,2026-08-16 11:37:01,18.19.0
Blinkit,mayank dutt,5,good,2026-08-16 11:36:55,18.13.0
Blinkit,Shakir Alam,5,best product for india,2026-08-16 11:35:00,18.19.0
Blinkit,Manmohan Pathak,5,will try,2026-08-16 11:34:13,18.15.0
Blinkit,Harishankar,1,Worst customer service and no proper contact details.,2026-08-16 11:33:56,18.19.0
Blinkit,kalikant mishra,5,Fantastic,2026-08-16 11:33:50,18.15.0
Blinkit,Thakur Ashish Singh,1,इस ऐप से किसी भी तरह का इलेक्ट्रॉनिक चीज में ना खरीदे क्योंकि यह ऐप उन चीजों का जिम्मेदार नहीं होता है रिटर्न का रिफंड में बहुत दिक्कत होती है यह समझ लो ना रिटर्न होता है ना रिफंड होता है,2026-08-16 11:32:55,18.19.0
Blinkit,Ritesh Satapathy,5,nice 🙂👍🙂 👍👍👍,2026-08-16 11:32:39,18.15.0
Blinkit,Rinki Karan,5,It's very helpful,2026-08-16 11:32:18,
Blinkit,Simanchal Chaudhury,1,not bad,2026-08-16 11:31:19,
Blinkit,Priyanka Srivastava,1,today I have ordered some items on blinkit but the amount has been deducted from my account and refund has not been done .......On 9 August the same thing happened to me but the refund has not been done by blinkit....so totally fraud is done by blinkit and actually it is a cybercrime I can share a screenshot of my payment also .. on 9 August the amount is 278 at time 6:18 pm and today the amount is 332 which has been deducted from my account at time -10:18 pm .....it is very much shameful.,2026-08-16 11:28:19,18.19.0
Blinkit,Minal Shukla,5,I love the services available at different places so that I can deliver items to my love ones in 10 min. Thank you blinkit,2026-08-16 11:27:22,18.19.0
Blinkit,Neha Singh,5,fast delivery nd very easy,2026-08-16 11:26:58,17.83.3
Blinkit,Vivek Kumar shahi colony hajipur,5,5 Star 🌟,2026-08-16 11:26:55,18.19.0
Blinkit,durgesh nagar,4,best,2026-08-16 11:25:29,18.13.0
Blinkit,Ashish Motan,5,nice,2026-08-16 11:25:23,
Blinkit,Poonam Kumari,5,nice service,2026-08-16 11:25:20,18.19.0
Blinkit,संदीप मिश्र sandeep misra,5,good,2026-08-16 11:23:54,18.19.0
Blinkit,PARAMESH ROY,5,good,2026-08-16 11:23:25,18.19.0
Blinkit,Somesh Singh,5,Good,2026-08-16 11:23:21,18.19.0
Blinkit,Komal Choudhary,5,fabulous blinkit has very wide range and instant delivery system would like to give 10 stars if the product range increases and give more discountsss but srsly guys trust this if u are in pune u will love blinkitt......♡,2026-08-16 11:23:07,17.99.1
Blinkit,Kavita Jagtap,5,nice,2026-08-16 11:22:06,18.19.0
Blinkit,PRACHI Pal,5,amazing 😍,2026-08-16 11:22:02,18.19.0
Blinkit,Jai sri ram Jai sri ram,5,good app,2026-08-16 11:20:44,18.19.0
Blinkit,Kashish Chopra,4,I like it 😀,2026-08-16 11:20:34,18.15.0
Blinkit,Amarjit Singh,4,always good,2026-08-16 11:19:24,18.19.0
Blinkit,Vaishnavi Patil,1,I ordered boldfit footwear from blinkit which was 7 day return/exchange allowed. I got one size up so decided to exchange it but there was no option on blinkit. chatbot straight up advised to send email. and customer care agent who called said this is mistake from our end and we are so sorry but we can only take feedback back. now I am stuck with the product which I can't use and money is gone. this is extremely wrong because I can still see boldfit sliders listed with 7 day return policy.,2026-08-16 11:19:04,
Blinkit,upendra k,5,super,2026-08-16 11:18:15,18.13.0
Blinkit,dwarka Marathe,5,Fast service,2026-08-16 11:17:17,18.19.0
Blinkit,Rachna Yadav,5,it is a very fantastic app 👍👍👍✅✅✅✅✅✅🌟🌟🌟🌟🌟⭐⭐⭐⭐⭐✨✨✨✨✨✨✨✨💯💯☺️☺️☺️☺️☺️☺️😜😜😜,2026-08-16 11:14:51,18.19.0
Blinkit,Jitendra Verma,5,In case of emergency or in case of anything we need right from groceries to medical and other items blinkit has helped me.,2026-08-16 11:14:50,18.19.0
Blinkit,Dhanpal Singh,5,very good,2026-08-16 11:14:40,
Blinkit,Mantosh Kumar Singh,5,very fast delivery,2026-08-16 11:13:23,18.19.0
Blinkit,Superstyle,5,the greatest app ever,2026-08-16 11:13:05,18.13.0
Blinkit,Sameer Shekhar,1,The support is terrible. They don't understand full issue and just waste our time as much possible and they just want to dump items.,2026-08-16 11:12:32,
Blinkit,sunil Samantasinghar,5,nice app,2026-08-16 11:12:12,
Blinkit,Raju Sarsvat,5,great service,2026-08-16 11:11:39,18.15.0
Blinkit,Drashti Chauhan,4,veryyy good,2026-08-16 11:10:54,18.19.0
Blinkit,leelalakshmi vajrala,5,super,2026-08-16 11:10:49,18.19.0
Blinkit,Stickman2026,5,best,2026-08-16 11:10:43,18.19.0
Blinkit,Sahil Reza,1,good,2026-08-16 11:10:31,18.19.0
Blinkit,sunil mansiya,5,last minute app,2026-08-16 11:09:53,18.19.0
Blinkit,KUNU BHAI,4,User application is good. Competitive pricing.,2026-08-16 11:09:43,17.97.3
Blinkit,Amit Porwal,5,very good,2026-08-16 11:08:42,18.19.0
Blinkit,Nisar Zannar,5,good 😊😊😊😊,2026-08-16 11:08:27,18.19.0
Blinkit,Likhith. B Likhith. B,1,too bad app My money stuck in wallet i want to My money back no response in castamar Care not responding,2026-08-16 11:08:05,18.19.0
Blinkit,Sumit Kumar,5,good,2026-08-16 11:08:00,18.19.0
Blinkit,brajeshkumaradv,5,welldon,2026-08-16 11:07:57,18.19.0
Blinkit,Prashanth Shettiger,5,Rocket speed delivery...,2026-08-16 11:07:28,18.15.0
Blinkit,Murmu Budhia,5,nice aap,2026-08-16 11:07:26,18.19.0
Blinkit,Manav Sachdev,2,Delivery partner not bringing change when I don't pay online also they directly ask to cancel the order. Sometimes stuffs are not fresh.,2026-08-16 11:07:13,
Blinkit,Mayur Khare,5,great app,2026-08-16 11:07:09,
Blinkit,Naitik Sharma,5,best app with good quality and deals,2026-08-16 11:04:55,
Blinkit,Surybhan Tripathi,5,👍👍,2026-08-16 11:04:47,18.15.0
Blinkit,Aryan Pal,5,bestest,2026-08-16 11:04:03,17.83.4
Blinkit,Maruthi K H Maruthi,4,good 👍,2026-08-16 11:03:46,18.15.0
Blinkit,Swarnalatha B,5,this app is very useful,2026-08-16 11:01:30,18.19.0
Blinkit,SABIR ALI,4,help full,2026-08-16 11:01:05,18.19.0
Blinkit,Shree Sinha,5,Best,2026-08-16 10:59:26,18.19.0
Blinkit,Chandrashekhar Kumar,5,Good,2026-08-16 10:58:41,18.19.0
Blinkit,sonia rawat,5,It's one of the best instant delivery app ... my experience about blinkit is good am i old user ...thanks for good service .......,2026-08-16 10:58:36,18.15.0
Blinkit,lokesh meena,1,no many offer found but app is nice,2026-08-16 10:57:34,18.19.0
Blinkit,Anuradha Rajuskar Khandare,5,verry nice,2026-08-16 10:56:48,18.19.0
Blinkit,Ramesh Varma,5,Good 👍,2026-08-16 10:56:41,18.19.0
Blinkit,Sikha Pradhan,5,very good 😊,2026-08-16 10:54:40,18.19.0
Blinkit,Neha Nirvana,5,excellent and quick 👍🤗,2026-08-16 10:52:55,18.19.0
Blinkit,Ritik Pant,5,Very fast delivery,2026-08-16 10:52:35,18.15.0
Blinkit,Ramavtar Janewa,1,"Very poor service by Blinkit. You may be charged extra and your order can be manipulated. So guys pls do check before payment. Better to take screenshot of your order. I have experienced badly while ordering Milk+ curd. They sent only Curd pkt and milk money ₹60 was adjusted in charges, ie. packing, handling, delivery. very pathetic service.",2026-08-16 10:51:58,18.15.0
Blinkit,nusrat jahan,5,this app will give us offers and it is easy to order I love it 😄👌,2026-08-16 10:51:51,18.15.0
Blinkit,Dheeraj Singh,1,very best item for dilvery,2026-08-16 10:51:06,18.19.0
Blinkit,Meet Pawar,5,this app is very nice 10/10,2026-08-16 10:51:02,17.95.4
Blinkit,Aditya Pawar,5,very nice 🙂👍🏻,2026-08-16 10:50:15,18.19.0
Blinkit,Ac Work,5,good sarvice,2026-08-16 10:49:59,
Blinkit,Shailja Mishra,5,very fast service,2026-08-16 10:49:57,18.19.0
Blinkit,Firdous Irshad.,5,super 👍,2026-08-16 10:49:52,18.19.0
Blinkit,SHUBHU,5,"it's very good service ,I got my delivery with in 10 min and as good as clean products and better behavior 👌😀",2026-08-16 10:49:40,18.15.0
Blinkit,Manimegalai m,5,Nice 👍,2026-08-16 10:49:39,18.19.0
Blinkit,Priti Gupta,5,Fabulous delivery,2026-08-16 10:49:19,18.13.0
Blinkit,Shuham Gupta,5,its so good 💯,2026-08-16 10:49:15,
Blinkit,Satya Rani,5,goooood,2026-08-16 10:49:09,18.19.0
Blinkit,Pragya MIshra,1,The items were so dirty. Dirt was all over the packets. Disappointed.,2026-08-16 10:48:02,18.19.0
Blinkit,saleem ahmad,5,quick service,2026-08-16 10:47:26,18.15.0
Blinkit,prakash dubey,1,good offers,2026-08-16 10:47:02,18.19.0
Blinkit,Akilesh Km,5,good,2026-08-16 10:46:26,18.19.0
Blinkit,Kanna Kanna,4,good,2026-08-16 10:45:28,18.19.0
Blinkit,Anchal Gurung,5,best,2026-08-16 10:45:12,17.39.1
Blinkit,Jaya Krishna,5,superb,2026-08-16 10:44:42,18.15.0
Blinkit,A Rajeshirke,5,v good👍💯,2026-08-16 10:44:41,18.19.0
Blinkit,Tarinima Nam,1,now a days taking long time for delivery,2026-08-16 10:44:11,18.19.0
Blinkit,Kush Mittal class 6th F,5,veru good,2026-08-16 10:44:10,18.19.0
Blinkit,VICKY SINHA,5,ok,2026-08-16 10:44:00,18.19.0
Blinkit,Hi Hi,5,price little hire as pack of 180ml,2026-08-16 10:43:31,18.19.0
Blinkit,Vijay Amritkar,5,Nice delivery approach,2026-08-16 10:43:18,18.19.0
Blinkit,Habeeb,5,super service,2026-08-16 10:42:18,18.19.0
Blinkit,Murali B,5,good app,2026-08-16 10:42:05,18.15.0
Blinkit,Jatin Gupta,1,no human support and no way to resolve any issue,2026-08-16 10:41:45,18.19.0
Blinkit,NAMIK Patel,5,very good and I got my delivery very fast,2026-08-16 10:41:13,18.19.0
Blinkit,Munmun Soumen Chatterjee,1,"Its a good site for buying quickly.But there is a big problem arise with me which is not acceptable. Most of the time the delivery partner not carring cash even a small amount.All time they demand pay by online,also some of them behave very roughly.😞😞😞😞",2026-08-16 10:40:39,
Blinkit,AMOL NARNAWARE,5,good,2026-08-16 10:39:34,18.15.0
Blinkit,Talim mirza,5,nice,2026-08-16 10:38:06,18.19.0
Blinkit,SANJEEV KUMAR,5,nice app,2026-08-16 10:37:57,18.19.0
Blinkit,shiroman singh mekale,5,Enjoy,2026-08-16 10:37:07,17.47.0
Blinkit,Madina Ansari,1,not got that item wich is showed in the app,2026-08-16 10:36:20,18.19.0
Blinkit,abdul wahid,4,avarage,2026-08-16 10:36:17,
Blinkit,Yashoda Thilak,4,good,2026-08-16 10:36:03,17.99.1
Blinkit,Kalaimani Velu,2,okay,2026-08-16 10:35:08,18.19.0
Blinkit,Vasava Manish,5,Excellent service,2026-08-16 10:34:03,18.15.0
Blinkit,Ankita Ojha,5,fastest among all no one in comparison with excellent service and price best service,2026-08-16 10:33:19,18.15.0
Blinkit,Sukuna Ryomen,5,very nice good work 👍,2026-08-16 10:32:11,18.19.0
Blinkit,Ravi,4,good,2026-08-16 10:29:49,18.15.0
Blinkit,rivernescafe,1,charging unnecessary charges,2026-08-16 10:29:29,18.19.0
Blinkit,Shrutika Patil,5,Excellent,2026-08-16 10:29:11,18.19.0
Blinkit,Terence Terence,5,trust me 🙏🏻🙏🏻🙏🏻🙏🏻,2026-08-16 10:29:08,18.19.0
Blinkit,Raju Parjapti,5,this osam on short time fast delivery is a good experience,2026-08-16 10:28:52,
Blinkit,Gaurav Sharma,1,surge fee gets added on payment - bad.,2026-08-16 10:28:37,18.19.0
Blinkit,Nafis Alam,5,good service,2026-08-16 10:28:25,18.15.0
Blinkit,Ajeet Thakur,5,best app,2026-08-16 10:27:45,18.13.0
Blinkit,vikash singh,4,very poor service in kurthoul branch and bad talking in kurthoul delivery branch partner all delivery boy un professional,2026-08-16 10:27:26,18.19.0
Blinkit,Raaahul rk,5,besttttt,2026-08-16 10:26:36,18.19.0
Blinkit,yogi hdr,5,Good Service,2026-08-16 10:25:48,
Blinkit,Naveen Chandel,5,good,2026-08-16 10:25:26,18.19.0
Blinkit,Mukul Kumar Roy songs,5,best,2026-08-16 10:25:04,18.15.0
Blinkit,Biswajit Sarkar,5,👍,2026-08-16 10:25:00,
Blinkit,Sandhya Rani,5,good,2026-08-16 10:24:27,18.9.3
Blinkit,Harsh Soni,5,good service 👍🏻,2026-08-16 10:23:42,18.9.2
Blinkit,praful savaliya,5,nice,2026-08-16 10:22:41,18.19.0
Blinkit,shivam kumar,5,happy to be in my city waiting so long now done,2026-08-16 10:22:40,18.19.0
Blinkit,Deva Raj,5,good,2026-08-16 10:21:42,
Blinkit,shivansh mishra,5,ok,2026-08-16 10:21:09,18.15.0
Blinkit,Vani Seela,5,very useful,2026-08-16 10:19:58,18.15.0
Blinkit,Arjun Dsouza,5,"Absolutely efficient team, simple and prompt service. Love it.",2026-08-16 10:19:52,18.19.0
Blinkit,shiva kumar,5,Good,2026-08-16 10:18:38,18.15.0
Blinkit,TOXIK' GAMING,1,worst customer service,2026-08-16 10:17:24,
Blinkit,Kavita Bist,5,very good 👍🏻😊,2026-08-16 10:16:52,18.15.0
Blinkit,Priyanka Gaikwad,5,good,2026-08-16 10:16:47,18.19.0
Blinkit,Madhubhai Dobariya,1,very bad,2026-08-16 10:16:27,18.15.0
Blinkit,Meenaz Shaikh,5,👍👍👍👍,2026-08-16 10:15:15,18.19.0
Blinkit,rahman voltas,5,good 👍,2026-08-16 10:14:50,18.15.0
Blinkit,Abhilekh,1,"I order from blinkit, flipkart minutes, snabbit, or whatever-it names delivery apps, everyone can find it's way to my home except blinkit, even I have added clear voice instructions still these guys don't call and just roam around the place till I call from my end to guide them. Then they won't climb a couple of floors no matter how big or small the order quantity is, they'll just stand on the road hoping I'll come down and pick on my own. if I was free enough to go down i would buy on my own.",2026-08-16 10:14:36,18.19.0
Blinkit,SHIV DUTT,5,nice,2026-08-16 10:14:09,18.19.0
Blinkit,Pushpender Singh,5,good sarvice,2026-08-16 10:14:03,18.13.0
Blinkit,Seema vinay kumar Yadav,5,"Blinkit is now excellent, it provides products in affordable price and quality it top notch, I am happy to buy any item in affordable rate with high quality. Thanks blinkit doing this.....",2026-08-16 10:12:07,18.13.0
Blinkit,Aditya Kumar Mohanta,5,Happy with this application.,2026-08-16 10:11:11,18.19.0
Blinkit,Khushboo Singh,5,best delivery,2026-08-16 10:10:52,18.15.0
Blinkit,T Narendra,4,very nice,2026-08-16 10:10:42,18.19.0
Blinkit,Naresh Mishra,3,it is not good and bad,2026-08-16 10:10:28,18.19.0
Blinkit,Nikhilsinh Rana,3,good,2026-08-16 10:09:12,18.19.0
Blinkit,Keegan Teles,5,great app for last minute shopping. super fast delivery.,2026-08-16 10:09:11,18.19.0
Blinkit,pawan Singh,5,ok,2026-08-16 10:08:33,
Blinkit,Durga Devi,1,worst experience bcz suddenly added surge charges,2026-08-16 10:08:07,18.13.0
Blinkit,Saurabh Saini,5,Super fast delivery.,2026-08-16 10:07:47,18.19.0
Blinkit,Lakhwinder Kaur,5,great service on time orders or genuine price,2026-08-16 10:06:38,18.19.0
Blinkit,neha mishra,5,👍,2026-08-16 10:06:29,18.19.0
Blinkit,Kayum Morang,5,good,2026-08-16 10:06:18,18.19.0
Blinkit,shweta Chaudhary Chaudhary,5,fast delivery 🚚🚚 ever,2026-08-16 10:05:59,18.15.0
Blinkit,Manohar Singh,5,best app,2026-08-16 10:05:25,
Blinkit,Sundhar Rajan,5,super,2026-08-16 10:04:18,18.19.0
Blinkit,Mithlesh Shukla,1,fraud app return take years to initiate,2026-08-16 10:04:12,17.71.2
Blinkit,neha farheen,4,products are delivered right ✅️ with fast delivery,2026-08-16 10:04:00,18.19.0
Blinkit,Sarvshreshth Gupta,5,👍,2026-08-16 10:03:49,18.19.0
Blinkit,Kalpana Rani,4,it is a helpful app for me because of instant delivery,2026-08-16 10:03:20,
Blinkit,Amrendra,5,super fast and very helpful 👏👏,2026-08-16 10:03:09,18.15.0
Blinkit,Ashish Anand,1,order cancellation charge Apne Man Se Kat lega handling bhi ko kya chij hota hai ji full payment Kar Hi Rahe to aur jo bhi product purchase karte hain market se do rupya mahanga hi rahata hai,2026-08-16 10:01:41,18.15.0
Blinkit,Dr. Tarun Dey,5,"quick delivery, I like it.",2026-08-16 10:01:35,18.9.3
Blinkit,Shruti Anuroop,5,very good app for ordering any items in10min,2026-08-16 10:01:03,18.13.0
Blinkit,Seema devi Devi,3,good app,2026-08-16 09:59:58,18.15.0
Blinkit,Sumit Sahu,5,good 😊,2026-08-16 09:59:51,18.19.0
Blinkit,Vanshika Chauhan,5,very good service 😃,2026-08-16 09:59:33,18.19.0
Blinkit,vinod acharya,5,super service,2026-08-16 09:58:45,18.15.0
Blinkit,Rajput Bhavik,5,jordar,2026-08-16 09:58:31,18.15.0
Blinkit,Aftab Roowala,1,always delayed delivery,2026-08-16 09:57:48,18.19.0
Blinkit,ravinder Koundal,5,thanks blinket to make this helpful app this is very good app indian 's last minute app blinket,2026-08-16 09:57:33,18.19.0
Blinkit,Rahul Sharma,5,Nice,2026-08-16 09:57:16,18.15.0
Blinkit,Bhoori Singh,4,good,2026-08-16 09:56:33,18.15.0
Blinkit,samad kahn,5,best option aap,2026-08-16 09:55:05,18.19.0
Blinkit,Balram Singh,5,Add product of smaller denomination like Re 5/- as well। Eh. Parle g Thanks,2026-08-16 09:52:35,18.19.0
Blinkit,Neeraj sonkar,5,Good service,2026-08-16 09:51:59,18.15.0
Blinkit,Sima Kumari,5,good,2026-08-16 09:51:30,18.15.0
Blinkit,Bhavin Vyas,1,"No option for customer to connect with customer care team to raise the issue faced while placing order, only AI is giving streo type and same reply, if there is no tool made to hear customer complaint and no support matrix set , then it is very poor standard of service.",2026-08-16 09:51:11,17.87.0
Blinkit,Satyanarayana Nvv,5,good,2026-08-16 09:51:09,
Blinkit,Hanuman Rajwas,3,toda let aata hai par thik hai,2026-08-16 09:50:22,18.19.0
Blinkit,FIROJKHAN SHAIKH,5,excellent service,2026-08-16 09:49:10,18.19.0
Blinkit,Sarmistha Chowdhury,5,very useful application in daily life,2026-08-16 09:48:40,17.89.1
Blinkit,Naitik Chaudhary,5,excellent,2026-08-16 09:47:33,
Blinkit,murali gk,4,👌,2026-08-16 09:46:15,
Blinkit,Park Kiran,5,excellent,2026-08-16 09:45:22,
Blinkit,Doly Barman,5,best,2026-08-16 09:45:12,
Blinkit,Ashok Kumar,5,really very happy and satisfied by using this app,2026-08-16 09:44:40,
Blinkit,Aviral Richhariya 1-A,4,this app is best for groceries,2026-08-16 09:43:18,18.19.0
Blinkit,saten rai,5,"Easy to Operate,Clear instructions and Overall Excellent",2026-08-16 09:42:43,18.19.0
Blinkit,Nishant Prasad,3,"you need to fix the map near my location, the delivery partner faces difficulties to find my home, while it's very easy to come.",2026-08-16 09:42:21,18.19.0
Blinkit,Dinesh Yadav,5,it's very usefull app,2026-08-16 09:41:55,
Blinkit,Ramesh Kumar,5,"nice service, they deliver good product than the other apps",2026-08-16 09:41:42,18.19.0
Blinkit,Ankush Raj,5,very good service get easy our life,2026-08-16 09:40:23,18.19.0
Blinkit,nilesh pednekar,5,best service,2026-08-16 09:39:40,18.19.0
Blinkit,Neha Nishad,4,very useful app,2026-08-16 09:39:39,18.19.0
Blinkit,Nikhila Cholleti,3,doesn't let me access the upi app other than gpay,2026-08-16 09:39:37,18.19.0
Blinkit,Aliakbar Rafai,5,excellent 👍,2026-08-16 09:39:22,
Blinkit,Nanda Patil,5,very nice 👌,2026-08-16 09:39:16,18.7.0
Blinkit,Deepa Davanageri,5,it is very help full ti us,2026-08-16 09:38:04,18.19.0
Blinkit,Dhirendra Srivastava,4,आप के कस्टमर केयर से सीधे बात नहीं हो पाता है जिस से दिक्कत होता है कृपया डायरेक्ट बात की व्यवस्था करे।,2026-08-16 09:38:00,18.19.0
Blinkit,Saila Kudiri,5,good,2026-08-16 09:37:45,18.13.0
Blinkit,Deendayal Roy,3,High charges,2026-08-16 09:37:12,18.19.0
Blinkit,Chaithra A,5,last-minute app for daily needs,2026-08-16 09:35:50,18.15.0
Blinkit,Rohit roy,5,good,2026-08-16 09:35:43,18.15.0
Blinkit,Gita Sachdev,5,pl improve packing..curd n harpic together in a pkt,2026-08-16 09:34:55,18.19.0
Blinkit,Sap Blr,1,pathetic service..untrained staff..unprofessional,2026-08-16 09:34:45,18.7.0
Blinkit,Munaa Lal,5,good,2026-08-16 09:33:52,18.19.0
Blinkit,rajkaran rajput,5,Nice,2026-08-16 09:33:51,18.19.0
Blinkit,Abhinav kumar,5,Blinkit is very good. keep it up. A normal delivery pack has Word Search is good idea. Mainly no one saw it seriously but some people's have eye like me to see a amazing work. Good step from blinkit keep going.. Very good work from Blinkit.,2026-08-16 09:33:15,18.19.0
Blinkit,shubham sharma,5,super,2026-08-16 09:32:17,18.15.0
Blinkit,dhaval chauahan,1,I have mistakenly selected the wrong product now they tell us we can not return this product it is your mistake not of blinkit... very poor service. my product is unpacked,2026-08-16 09:31:30,18.19.0
Blinkit,wanted koda,5,johar ge,2026-08-16 09:31:29,18.15.0
Blinkit,Rohit Shankar,5,excilent sarvice,2026-08-16 09:30:44,18.19.0
Blinkit,Kapil Yadav,5,very good,2026-08-16 09:30:42,
Blinkit,Gurpreet Kaur,5,Excellent💯👍,2026-08-16 09:30:41,18.19.0
Blinkit,Naga Gorsha,5,good price best product's,2026-08-16 09:30:11,18.19.0
Blinkit,Aslam ansari,1,price high 😝,2026-08-16 09:28:44,18.19.0
Blinkit,Zahidajamalkhan,5,this is the fastest delivery i have seen in my life,2026-08-16 09:27:28,18.19.0
Blinkit,Manju Kumari,5,good,2026-08-16 09:26:03,18.19.0
Blinkit,Akanksha Ghosh,5,nice,2026-08-16 09:26:01,18.19.0
Blinkit,Happy Bhardwaj,5,good,2026-08-16 09:25:58,18.19.0
Blinkit,Vandana_ Arts,5,best,2026-08-16 09:23:30,17.87.0
Blinkit,Suniti Khatua,3,Offlate the experience has been erratic. half of my items have not shown so many times and they don't even care to inform in case if something goes off the shelf and has not been sent by them. so check and count your items properly guys. Also recently I received stale fish (basa) from them which I realised only when I took it out to defreeze before cooking. It stank like crazy. So check for the expiry dates of the goods. I'm quite disappointed with the way blinkit is going downhill in Gurgaon.,2026-08-16 09:23:03,18.19.0
Blinkit,Deepti Singh,5,best,2026-08-16 09:20:26,18.19.0
Blinkit,Dhanraj Kohli,5,EXCELLENT,2026-08-16 09:17:51,18.19.0
Blinkit,Harinesh Jain,5,excellent customer service,2026-08-16 09:17:29,18.19.0
Blinkit,Swarajit Das,5,good,2026-08-16 09:15:54,18.19.0
Blinkit,Aman Kumar,5,very reliable app,2026-08-16 09:15:30,18.19.0
Blinkit,Bushra Siddiqui,1,expencive then flipkart,2026-08-16 09:14:13,18.19.0
Blinkit,Priya Sambriya,5,good,2026-08-16 09:13:37,18.15.0
Blinkit,Aquila Parween,4,on time,2026-08-16 09:13:17,18.15.0
Blinkit,Neetu rana,5,good,2026-08-16 09:13:07,18.19.0
Blinkit,Shiva Nand,5,very good,2026-08-16 09:09:26,18.15.0
Blinkit,MUSIC MIND,5,superb,2026-08-16 09:08:49,
Blinkit,Shakti Kumar,5,very good sarvice,2026-08-16 09:08:39,18.19.0
Blinkit,Prashant Sharma,5,good,2026-08-16 09:07:57,18.19.0
Blinkit,CH JAYANTHI Jayanti,4,Good 😊,2026-08-16 09:06:28,18.19.0
Blinkit,neetu saxena,5,acha h,2026-08-16 09:05:33,18.15.0
Blinkit,Arun Madar,5,excellent,2026-08-16 09:05:29,18.19.0
Blinkit,Vishnu Gupta,5,"just wow, very helpful",2026-08-16 09:04:15,18.9.3
Blinkit,Sakshi Jain,4,clean food and tasty 😋,2026-08-16 09:04:05,
Blinkit,Aakanksha Ghoderao,5,real fast delivery app. I loved it!,2026-08-16 09:02:52,18.15.0
Blinkit,Tejas Saxena,5,great,2026-08-16 09:01:57,18.15.0
Blinkit,Suraj Rawat,5,good,2026-08-16 09:01:02,
Blinkit,B H,2,"Blinkit's upkeep of certain food items is pathetic. Example, Butter. Most of the times both sides are open thereby exposing the food item butter to elements.",2026-08-16 09:00:02,18.19.0
Blinkit,Ram Pujari,5,व्हेरी गुड,2026-08-16 08:59:41,18.15.0
Blinkit,Manisha,4,i hope your delivery boy will not behave like insmart. they are very rude and arrogant towards customer,2026-08-16 08:59:19,18.9.3
Blinkit,Ashwin Ashokan,5,very good service,2026-08-16 08:58:22,18.19.0
Blinkit,A K Sharma,1,I had ordered GODREJ Expert black hair dye. They supplied something but not Expert. When I contacted customer care I explained to them that other than Expert is allergic to me and I can't use it. Despite clearly explaining to them they refused to replace or return the item and closed the conversation/ chat forcefully without addressing the issue. This is an unethical practice on behalf of any reputed agency. They even didn't furnish me the details of grievance redressal authority to approach.,2026-08-16 08:57:45,18.19.0
Blinkit,Mukesh Yadav (Mukesh kumar),5,nice 👍,2026-08-16 08:57:03,18.15.0
Blinkit,Tanveer Pathan,5,very good,2026-08-16 08:55:48,
Blinkit,Ashu Yadav,4,nice app,2026-08-16 08:54:46,
Blinkit,Asha Kumain,4,Good service,2026-08-16 08:54:20,18.19.0
Blinkit,Dikkram,5,nice app,2026-08-16 08:52:51,18.19.0
Blinkit,Akash Mali,4,best app,2026-08-16 08:52:01,18.15.0
Blinkit,GYANDEEP KUMAR,4,good,2026-08-16 08:51:39,
Blinkit,Tina Halder,5,so good quickly delivered. Very fresh and low price,2026-08-16 08:51:29,18.19.0
Blinkit,Annu,3,good,2026-08-16 08:51:18,18.13.0
Blinkit,Ajay Kolpyak,5,good,2026-08-16 08:49:24,18.19.0
Blinkit,Karthik K,5,Good,2026-08-16 08:47:33,18.19.0
Blinkit,Baljeet Simmi,5,good,2026-08-16 08:44:19,18.19.0
Blinkit,Shantanu Kashyap,5,good service,2026-08-16 08:42:33,18.19.0
Blinkit,Yogesh Thakor,1,application is not proper working at srarting searching time,2026-08-16 08:40:32,18.13.0
Blinkit,Rajat tiwari,4,Every thing is ok but delivery fees is quite High it should be reduced,2026-08-16 08:38:09,
Blinkit,bhagya lakshmi,5,it's very fast delivery .. all the products are good,2026-08-16 08:36:31,18.19.0
Blinkit,Anju Bisht,5,service is good.,2026-08-16 08:35:35,18.19.0
Blinkit,Suman Saini,5,blinkit is very good app it safe me many times . delivery just in 30min on house door .,2026-08-16 08:34:21,18.9.3
Blinkit,Varsha Lokhande,3,good 😊,2026-08-16 08:34:12,18.19.0
Blinkit,Harsh Yadav,5,app is sososososo better,2026-08-16 08:33:13,18.19.0
Blinkit,Ankit veer,5,good 👍,2026-08-16 08:31:51,18.19.0
Blinkit,Madhura Changappa,5,Good,2026-08-16 08:31:50,18.19.0
Blinkit,mistti Mazumdar,4,good,2026-08-16 08:26:46,18.15.0
Blinkit,Rashmi r Rashmi r,5,very nice good job,2026-08-16 08:25:58,18.19.0
Blinkit,Lavrians Madireddy,5,"⭐️⭐️⭐️⭐️⭐️ Great experience with Blinkit! Blinkit makes everyday shopping so easy and convenient. The app is simple to use, the delivery is super quick, and the products are packed nicely. I’ve had a really smooth experience with their service. Definitely a great option when you need things quickly! 🛵💛",2026-08-16 08:23:43,17.89.1
Blinkit,Manish Sharma,1,fraud app,2026-08-16 08:23:42,18.15.0
Blinkit,Abinash Swain,1,"very late, and handling charges for a torn up bag bruh. worst",2026-08-16 08:23:29,
Blinkit,Basudev Singh Negi,1,now it's not confirmed which one come,2026-08-16 08:23:19,18.19.0
Blinkit,045_CSE_Arpita Maji,5,good,2026-08-16 08:20:15,18.19.0
Blinkit,Brijesh Kumar,5,very good apps,2026-08-16 08:18:58,18.19.0
Blinkit,Chiefson Wahengbam,3,"i give this 3 star because some place like I am staying (Medikonduru, Andhra Pradesh) not far from guntur city,this area didn't support order so please make it support. Thank you☺️",2026-08-16 08:18:13,18.15.0
Blinkit,Shobha Vijayvargiya,5,good grocery online platform and all product,2026-08-16 08:17:53,18.19.0
Blinkit,Jhajhria Jhajhria,5,very useful app,2026-08-16 08:17:42,
Blinkit,Sonal Devi,1,expired product re label and sales,2026-08-16 08:17:40,18.19.0
Blinkit,sudipta nayak,5,Good App,2026-08-16 08:15:54,18.3.0
Blinkit,Sukh Deep,5,always fresh vegs nd fruit nd all over is best in blinkit ❤❤❤❤,2026-08-16 08:14:53,18.19.0
Blinkit,Prasad Vs,5,fast service,2026-08-16 08:14:46,18.19.0
Blinkit,Manjeet Kumar,5,good,2026-08-16 08:14:15,18.7.0
Blinkit,velu samy,4,good,2026-08-16 08:13:58,18.19.0
Blinkit,Anuj Singh,5,best for all delivery,2026-08-16 08:13:54,18.19.0
Blinkit,Mamta Yadav,5,good 👍🏻💯,2026-08-16 08:13:32,18.19.0
Blinkit,Dipti Rai,5,good service 👍👍👍,2026-08-16 08:13:20,
Blinkit,AYUSH MAHAJAN,5,fast and smooth delivery,2026-08-16 08:13:18,
Blinkit,anusha dokka,5,good,2026-08-16 08:13:07,18.7.0
Blinkit,Mujju Mujeer,5,good hats off to delivery brother's & boys,2026-08-16 08:12:06,18.7.0
Blinkit,Ankita Patra,4,low price instant delivery,2026-08-16 08:10:54,18.19.0
Blinkit,ALOK KUMAR,5,good 👍,2026-08-16 08:10:32,18.19.0
Blinkit,Manu Prasad,5,very good 👍👍,2026-08-16 08:06:36,18.19.0
Blinkit,Ganesh singh Samant,5,👍 like it,2026-08-16 08:04:59,18.19.0
Blinkit,Maheshwari Manjulaben,5,Nice experience... on-time needs can fulfilled.,2026-08-16 08:04:53,18.15.0
Blinkit,Aryan Singh,5,good,2026-08-16 08:02:52,16.35.0
Blinkit,Kamlesh,5,good service,2026-08-16 08:01:28,
Blinkit,Ramesh Bhardwaj,5,Really the service is very fast and you can also buy the product and take a fast service..at any time thanku blinkit.,2026-08-16 07:58:39,18.19.0
Blinkit,Sunita Rani,5,awesome,2026-08-16 07:58:27,18.19.0
Blinkit,Jagannath Patil,4,best,2026-08-16 07:56:57,18.19.0
Blinkit,Pradeep Gupta,5,good,2026-08-16 07:54:26,17.99.0
Blinkit,Syed Haq,4,very good,2026-08-16 07:54:19,18.13.0
Blinkit,Kalpana Dhareshwar,4,Blinkit has been a life saver for me many times from getting gift wrapping paper at the last minute to groceries when it is raining and unable to go out. The service is quick and hassle free. The delivery boys are polite . It lives up to its name. You blink and what you ordered is right at your doorstep.,2026-08-16 07:49:45,18.19.0
Blinkit,Chanchal Devi,5,very good 👍,2026-08-16 07:48:29,18.7.0
Blinkit,Faiyaz Khan,5,very handy,2026-08-16 07:46:45,18.19.0
Blinkit,Jaffar Nachia,3,sometimes veggies are not fresh and milk cuddles,2026-08-16 07:46:38,18.19.0
Blinkit,Dr. Abhishek Mukherjee,5,Always up to the mark...very rarely failing to live up to the standard they have set for themselves in door-step delivery...Happy with their no-nonsense and quality centric service.,2026-08-16 07:46:23,18.19.0
Blinkit,Suveer Rao,1,Limited return options,2026-08-16 07:45:30,18.19.0
Blinkit,Mallembakam Mounika,5,thank you,2026-08-16 07:44:28,
Blinkit,I De,4,"When Blinkit is charging ₹12 as Handling fee and then beyond for Delivery, Rain surcharge, at least they should send a decent bag along? Either no bag or a totally ripped bag is sent. Please reduce Handling fee otherwise. Delivery partners have asked me to put in a complaint.",2026-08-16 07:44:11,18.15.0
Blinkit,Krishna Kumar,5,nice app blinkit,2026-08-16 07:42:33,18.19.0
Blinkit,Chetan Sharma,5,very good,2026-08-16 07:41:29,18.19.0
Blinkit,Kuntal Parikh,1,wrong deliver and nt replace my order,2026-08-16 07:39:29,18.13.0
Blinkit,Nishu Nishu,1,1500 above didi not support case on delivery,2026-08-16 07:39:03,18.15.0
Blinkit,Aryan Sharma,1,Koi bhi flet cash back coupon us na kre aap ko koi cash back nhi milega,2026-08-16 07:36:54,18.19.0
Blinkit,Pankaj singh Singh,2,home,2026-08-16 07:35:30,18.3.0
Blinkit,Jyotish,4,"Retail e-commerce is highly competitive, so compromising on product quality to offer lower prices can be disastrous in the long run. Platforms should have limited, genuine sellers to maintain quality and customer trust. Customers don’t mind paying a little more for good quality, but poor-quality products lead to returns, negative reviews, and loss of trust. Quality and customer satisfaction should always come before price.",2026-08-16 07:34:48,18.19.0
Blinkit,Goukam Media,5,Time and place are all perfect,2026-08-16 07:32:35,18.19.0
Blinkit,Kumar A,5,"blinkit is now a place where the quality is of no concern. you can expect rotten , de-shaped , sometimes over riped vegetables. the milk products often has the expiry date on the same day. return policy is even worse . today I had to return two items they just are repaying a coupon for the lowest priced item.",2026-08-16 07:29:20,18.19.0
Blinkit,santhiya rasmi,5,a good all in one app it has a to z including printout service,2026-08-16 07:26:53,
Blinkit,Shohel Fatteh,5,ok,2026-08-16 07:26:29,18.13.0
Blinkit,Aditya Tirkey,1,good 👍,2026-08-16 07:19:44,
Blinkit,Naina Suri,5,helped my baby,2026-08-16 07:18:08,18.19.0
Blinkit,Arvind Bhosale,5,excellent app 👌,2026-08-16 07:17:31,18.15.0
Blinkit,अभिषेक पाण्डेय,5,very good service,2026-08-16 07:16:30,18.19.0
Blinkit,Kumar Abhay,1,"my payment not refund ,too bad. 10 days has been completed .not return till date",2026-08-16 07:12:14,18.15.0
Blinkit,Prakash Aradhana,5,ok,2026-08-16 07:09:16,18.19.0
Blinkit,Ashok Kumar,5,comfortable shopping,2026-08-16 07:06:43,17.53.1
Blinkit,Mohit Pandey,1,worst customer care,2026-08-16 07:05:44,18.19.0
Blinkit,Kuheli Ghosh,4,Thank you Blinkit for your super fast delivery...,2026-08-16 07:00:29,17.85.0
Zepto,Raju Kumar,5,milk phate gaya,2026-08-16 23:00:44,26.8.2
Zepto,Anshik Tripathi,1,"Very bad experience with Zepto. The way you are handling customers and responding through customer support is completely unacceptable. You take the full payment from customers, yet orders are sometimes not delivered properly and items are missing. When customers raise a complaint, instead of resolving the issue properly, your support team gives a very poor response. This is not how a customer-centric platform should operate. I am extremely disappointed with this experience and will be sharing my",2026-08-16 22:48:28,26.8.2
Zepto,Harshit Mahakalkar,5,veri good,2026-08-16 22:47:45,26.7.4
Zepto,Pallavi Pimple,5,best ऍप्प,2026-08-16 22:45:15,26.8.2
Zepto,Manish Tulsyan,4,Very good app,2026-08-16 22:44:06,26.7.3
Zepto,arman khan,5,Good,2026-08-16 22:41:30,26.8.2
Zepto,Harsh Nishad,5,thanku ☺️,2026-08-16 22:29:37,26.8.2
Zepto,Rate Raj,5,Ratiraj singh,2026-08-16 22:25:54,26.8.2
Zepto,Shweta Agarwal,5,good 👍🏻👍🏻,2026-08-16 22:23:58,
Zepto,Shree Krishan,4,cashback true,2026-08-16 22:14:29,26.7.4
Zepto,Anitha Kumawat,5,it's good and home deliveries nice and my speakers are there to deliver in this in this app and nice delivers are going on and delivery boys are also speaking nice and respective ways so it's very nice and please all can download this and expect a good 👍,2026-08-16 22:14:22,26.4.1
Zepto,Deepak Gautam,1,"it has become a horrible platform now In my area both Amazon now and flipkart minutes are much more reliable and responsive. last order 1. item which was mentioned as delivery in 8 mins delivered in 35 mins. 2. the item was picked as a medical item and zepto mentioned it will be prioritised, hence it took 35 mins. 3. for 25 mins straight bot keep saying it will be delivered in 1 min and of course no matter what human agent won't check even when requested multiple times as bot only will resolve.",2026-08-16 22:13:03,26.8.2
Zepto,santosh b krishna,1,"worst service as usual. no response or no option to reach customer service as well, please do not pay amount upfront , waste of service as usual, my money got struck and I have to keep wasting my time to ask them to refund and they won't respond, pls guys switch to blink it.",2026-08-16 22:12:54,26.8.2
Zepto,Kpop Lovers,1,"Had the worst experience, ordered groceries but half the items were not delivered at all, we contacted the team but no help from their side even after writing an email, we lost 13 of our items with no help whatsoever from the team",2026-08-16 22:08:00,
Zepto,dileep katari,1,If we use the offers provided by them they will hold the account,2026-08-16 21:56:36,26.5.1
Zepto,Ambreesh jaiswal,5,Thankyou very much for your service,2026-08-16 21:53:51,26.8.2
Zepto,Himanshu VANA,5,best,2026-08-16 21:52:14,26.8.3
Zepto,Meenakshi Bisht,2,"I have been using zepto from a long time but recently my experience has been very bad, I ordered Ice cream from zepto and it got delivered completely messed up and ruined, after some days I ordered again but again it got delivered in worse condition and one item was even missing. When I connected with support team, they denied my request, like this is not the support we expect from a well known company like zepto.",2026-08-16 21:36:31,26.8.2
Zepto,Shindo Joseph,5,lines are wonderful fast 🤩 app,2026-08-16 21:30:37,26.8.2
Zepto,Sahil Singh,5,mast,2026-08-16 21:26:03,26.8.2
Zepto,Swati Tripathi,5,good,2026-08-16 21:24:04,25.4.7
Zepto,Rohan Singh,1,"this app is so disgusting ,there is no customer service ,no help for customer and if we connect with helpline then there is no response at all from them .The customer has to deal with the loss with itself .",2026-08-16 21:22:55,26.6.5
Zepto,Uma Gautam,5,good,2026-08-16 21:15:50,26.8.2
Zepto,syed dhasdeeq ahmed basheer sahib,5,ontime 👍 service,2026-08-16 21:12:47,26.8.2
Zepto,Ajajuddin Khan,5,good💯,2026-08-16 21:10:56,26.8.2
Zepto,sreereng sasi,1,"worst experience. multiple times stake food or damaged itma received . forn 5kg rice pack, tried to raise issue and didn't happened.",2026-08-16 21:08:29,26.8.2
Zepto,Arjun Joby,5,i bought a gaming mouse for 199 rupees and it was absolutely worth i ma leave 5 star hope you won't disappoint me ☺️☺️,2026-08-16 20:56:33,
Zepto,M Irfan,1,"very worst system, not for instant delivery they are clubbing orders, due to which one order issue affects other delivery. and no one takes responsibility. no need this kind of insta service. better to buy near buy shop.",2026-08-16 20:54:46,
Zepto,Vijayalakshmi kottakota,5,good 👍,2026-08-16 20:50:25,26.7.6
Zepto,Harish Mogilipaka,4,delay,2026-08-16 20:48:58,26.7.6
Zepto,Rohit Nayak Rohit Nayak,2,refund amount not received,2026-08-16 20:48:42,26.8.2
Zepto,Sayantan Bhattacharya,5,best delivery app,2026-08-16 20:40:04,26.8.2
Zepto,Harshal Jat,1,my items are missing and when I complained about it to them they were so cold about that and denied and nothing is missing and even I had paid for that,2026-08-16 20:37:16,
Zepto,Arshad Iqbal,1,I did not receive the eggos eggs pack of 30. upon complain the support guy is telling the order was delivered. I have the cctv recording that shows the gg box was not there at the delivery time. and I even called to the delivery guy he also confirmed the egg was missing. I have both the proof. But the support guy is not ready to listen. Unfortunate i paid for the 99 rs membership also with the same order. Zepto is doing fraudgiri. uninstalling it right away.,2026-08-16 20:32:05,26.8.2
Zepto,Kenny Gala,3,Flat Coke,2026-08-16 20:26:08,26.8.2
Zepto,Vaibhav Sah,1,they are just big talk. They say that they are here for you 24*7 but they do not have a proper customer support. Ai assistant keep frustrating you until you get really pissed .,2026-08-16 20:24:53,26.8.2
Zepto,Shivam Shekhar,1,"complete scam app this has become now - I order items form here and it shows it will be delivered in 8-10 mins. Then I get the order after 30 mins - atleast have the decency to communicate this upfront so I can be aware if I should even order it or not, or should I go order from somewhere else. Last time I am used this app, and uninstalling now.",2026-08-16 20:21:42,26.6.5
Zepto,Sanskriti Tiwari,1,The worst thing happened to me while returning a product. The product packaging was torn and I saw it after the zepto guy left and then when I tried returning it the delivery person said that the manager won't accept this. How could I trust zepot. This was the 1st time I tried returning something and this happened.,2026-08-16 20:19:30,26.8.2
Zepto,santosh kumar,1,very annoying and very bad . I have ordered one items and want to change the items because of size but no option is provided. even no proper solution or response is given,2026-08-16 20:17:33,
Zepto,Pikki Prasaddurga,5,good,2026-08-16 20:11:20,26.8.2
Zepto,Aishwarya Shindey,1,worst app ever won't let me order properly it's not taking my orders it is just saying instead of cash it once upi and all why would I give my bag details and other if I get detected on being scam what will I do 😡 worst experience zepto!!! 😡,2026-08-16 20:06:03,26.8.2
Zepto,Sandeep Banjara,4,more discount,2026-08-16 20:02:30,26.8.2
Zepto,Anju Sopta,1,the delivery partners of zepto are very rude . if we ask them to come at a our doorstep they just cancel our order by their own choice .,2026-08-16 19:57:57,26.7.2
Zepto,Suraj Cholar,1,no customer support. abusive staff.please think before ordering .,2026-08-16 19:57:34,26.8.2
Zepto,अमित प्रजापति :- नगर सह सुरक्षा प्रमुख बजरंग दल लोनी,5,good,2026-08-16 19:56:40,26.8.2
Zepto,Vs SURESH,5,good,2026-08-16 19:55:54,26.8.2
Zepto,Priyam Kanjilal,5,it is very good app,2026-08-16 19:55:16,26.8.2
Zepto,Sagar Shinde,5,good job,2026-08-16 19:55:01,26.8.2
Zepto,Shrijhan,1,freezes after taking a picture to report,2026-08-16 19:38:28,26.8.2
Zepto,Hina Parveen,1,"I placed a prepaid order and didn't receive it, very poor customer service, the delivery person isn't receiving the call and the chat support on the app is just useless I'm very disappointed",2026-08-16 19:31:57,
Zepto,Virender Punia,1,"Falsely claimed to deliver items within ten minutes. I have ordered yesterday for kwality walls ice cream tub at 10:15 PM for my kids and made pre payment. when I haven't received the item even after 30 minutes, I approached their customer care through chat. they simply give me option to refund the amount. as such being left with no other option, I cancelled my order at 10:52 pm. This is totally unprofessional behaviour. I have to go to 24 hrs open store to fetch icecream for my kids in night.",2026-08-16 19:30:15,26.8.2
Zepto,SS Interiors,4,long wale kulche bhi rakho bakery wale se sampark karo,2026-08-16 19:28:19,26.8.2
Zepto,Agraiy Gupta,1,"worst experience ever with my online delivery, i received spoiled food and even misleading prices. and they didn't even accepted the complaint. I won't recommend this app",2026-08-16 19:24:18,26.8.2
Zepto,nitish gautam,5,superfast delivery with best products,2026-08-16 19:20:28,26.8.2
Zepto,Sudheer Yadav,5,very good,2026-08-16 19:17:20,26.7.6
Zepto,Anmol Singh,1,costumer care service ekdum bekar hai costumer service badai please expired product delivered karke bolte hai ki hamne ekdum good condition mein apko delevered kiya hai apne hi kuch badal diya hoga 2 min mein vo product mein kaise change karunga kyuki vo product gujrat mein milta hai or meine Amritsar mein mangwa hai packet bhi ganda miti se bara tha lekin mujhe hi ulta bol rahe the ekdum gatiya service mein pichle 1 saal se daily product mangwata hun lekin aab nhi mangwanuga,2026-08-16 19:09:53,26.5.4
Zepto,Arjun Gupta,1,"I have been ordering from Zepto almost every day for many months and never had to pay a handling fee. However, around two weeks ago, I complained about receiving a defective product, and since then, Zepto has started charging me ₹40 as a handling fee on every order. If I have to pay an additional ₹40 on every order, how is Zepto supposed to remain cost-effective? This experience has been very disappointing. Compared to Zepto, Flipkart Minutes and Amazon Now offering much better value now.",2026-08-16 19:02:17,26.8.2
Zepto,Yasir Khan,5,very good,2026-08-16 19:01:59,26.4.3
Zepto,Bhavna Makwana,5,good,2026-08-16 19:01:36,26.8.4
Zepto,Kavita Upadhayay,3,it has less items then kn blinkit but overall its good,2026-08-16 18:53:47,26.8.2
Zepto,Desh Hit,1,support 1 star,2026-08-16 18:39:01,
Zepto,RATTI RAM MEENA,5,good,2026-08-16 18:37:39,26.7.6
Zepto,Rachana Das,4,Nice,2026-08-16 18:37:38,26.8.2
Zepto,Kirti,3,excellent app,2026-08-16 18:37:23,26.8.2
Zepto,Ameen A,2,I ordered milk and some groceries from zepto for 2-3 times ...i.got spoiled product on every order ...don't get it from zepto,2026-08-16 18:36:31,26.8.2
Zepto,Gobindo Kundu,5,well-done,2026-08-16 18:25:37,26.5.5
Zepto,AMIT BHISE,4,good,2026-08-16 18:24:54,26.8.2
Zepto,Aarti Piwal,5,nice,2026-08-16 18:17:41,26.8.2
Zepto,Kajal Pandey,1,"Not purchasing any item of zepto...... because the same item very low cost any other side/app or flipkart. and zepto customer service is very poor and not supportable.I purchased men's vests but didn't even take them out of the package because I had ordered the wrong size. I tried to exchange them, but customer support refused to do so. Zepto's service is terrible; I have never encountered such poor service on any online shopping app before.",2026-08-16 18:08:25,26.8.2
Zepto,Pankaj Kumar,5,first choice Zepto,2026-08-16 18:04:42,26.8.2
Zepto,Singh Sahab,2,good,2026-08-16 17:57:38,26.8.2
Zepto,rajeev kumar,5,very good,2026-08-16 17:52:14,26.8.2
Zepto,devadarshan Kp,1,"worst service nowdays!!! it take more than 1.5 hours to deliver just one product!!!!and the customer service is just worse,when we enquires about the they just keep apamming the same bot message again and again 👎👎👎👎👎👎",2026-08-16 17:45:33,26.7.6
Zepto,Navdeep Kaur,3,so delivery li bhut delivery person aaye eh 2 3 call recieve karni very difficult,2026-08-16 17:44:46,26.8.2
Zepto,Tofiq Ahmad,5,nice sab chijen badhiya thi,2026-08-16 17:44:22,26.8.2
Zepto,Adheesh Reddy,4,delivery 5 star package 1 star,2026-08-16 17:44:22,26.8.2
Zepto,Aman Maurya,5,❤❤,2026-08-16 17:43:10,26.8.2
Zepto,Anisha Basu,5,best affordable product kinechi,2026-08-16 17:40:46,26.8.2
Zepto,Yash Chudasama,1,very poor,2026-08-16 17:39:20,26.8.2
Zepto,1610 vteja,5,good,2026-08-16 17:39:15,26.8.2
Zepto,MOHKAR DIPAK,2,"The service is good, but the app’s delivery-time estimates are highly misleading. It often shows 10 minutes, while the actual delivery time is almost double. This is not the delivery partner’s fault, the app is providing incorrect information. The company should improve its algorithm and show realistic ETAs instead of misleading customers. Good service, but the ETA system definitely needs improvement. This is the only reason I am giving 2 stars only",2026-08-16 17:33:53,26.8.2
Zepto,ThangaMalathi Chem,1,"now a days zepto customer care service was worsen. they won't even consider what I say , so I don't know what I do.",2026-08-16 17:31:06,
Zepto,Abhijeet Patil,1,"third class service , everyone should avoid this fraud service and app , no any response for damaged product, raised complaint in consumer court ...so better to not use this platform for purchase already mentioned number of time query to support Zepto mail.but not any response given ..really worst service",2026-08-16 17:27:34,26.8.2
Zepto,mani Mozhi,5,very good service,2026-08-16 17:24:46,26.8.2
Zepto,Anita Malhotra,5,Deepak Atta Quality is not good It has dust in it nobody but this product,2026-08-16 17:18:40,26.8.2
Zepto,Purnima Sen,3,few times there is some requirement that is too annoying life heavy rain you have to order above 300 if you don't need but you have to do 😑😑,2026-08-16 17:17:26,26.8.2
Zepto,Aayan Shaikh,1,"I received a product where the expiry date was not clearly visible, which raised a genuine concern about the product's condition and safety. I immediately contacted Zepto support, but despite raising a complaint I have not received a refund or a satisfactory resolution. The support experience was also disappointing, and I felt my complaint was not being taken seriously. I expected better quality checks and proper customer support from Zepto.",2026-08-16 17:16:32,26.7.6
Zepto,Saikumar Kanugula,5,good,2026-08-16 17:12:01,25.12.4
Zepto,Sajan Tiwari,5,good 😊,2026-08-16 16:58:54,26.8.2
Zepto,vikas singh,1,delayed orders,2026-08-16 16:57:47,26.8.2
Zepto,Sandeep Mathur,1,"Guys, boycott this app. They deliver the wrong or defective items, and then tell you to send an email; even when you do, they lie despite seeing the proof. They have employed absolute liars. Boycott this app—they’ve scammed me three times. I’ve stopped using Zepto as of today.",2026-08-16 16:53:53,5.3.0
Zepto,SUMA VANI B,1,worst app when compared to other apps please use Amazon or Flipkart like apps... because amount in the zepto wallet cannot be returned to our bank account such a annoying thing,2026-08-16 16:52:56,
Zepto,Udupi Gardenia,5,super,2026-08-16 16:48:09,26.8.2
Zepto,Nidhi Prajapat,1,best,2026-08-16 16:41:20,26.7.3
Zepto,Mohammed Kibriya,1,very bad service,2026-08-16 16:40:35,26.8.2
Zepto,Ashok Kale,1,bad,2026-08-16 16:31:10,26.8.2
Zepto,Abhishek Singh,1,"so much scam is going on in zepto, recently I have ordered potronics type c to 3.5mm jack adapter and it was defected but when I try to exchange it, it becomes exchange completed in their app without actually doing it , so after that I returned it and the delivery agent picked up the product but in app it is showing unable to complete the return and my money is lost. I have been trying to connect with zepto advisor or agent but wasn't able to , they simple close the chat when I start",2026-08-16 16:20:27,26.8.2
Zepto,Anchal Tiwari,5,best Minutes app...,2026-08-16 16:15:51,26.8.2
Zepto,Aroundtheworld99,1,"A true and 100% tested review tested multiple times , even now I am using Zepto since a long time , but it is definitely clear that Zepto do not deliver order in 10 minutes. I live at mumbai in city center and prime area .but when ever I order anything at Zepto it tooks around 60 to 80 minutes to deliver the product. when we complaint on customer care they have many reasons to give us on call . sometimes they say - our riders are busy , it's raining and many more excuses they have to give us",2026-08-16 16:14:31,
Zepto,Shabnam Shaikh,5,bohot aacha or sasta saman milta hai mai bohot khush hu ye aap se,2026-08-16 16:14:04,26.8.2
Zepto,Sana Sarwat,1,D nt buy any thing from zepto. every time they make fool . when u place order. they didn't show out of stock . but after u place prepaid order . it show some item are out of stock. ur money didn't refund .,2026-08-16 16:04:17,26.8.2
Zepto,Ahmad Sharif,1,"Public Complaint Zepto, this is completely unacceptable. I ordered a product through Zepto, and the product turned out to be defective. But when I tried to get help, I was met with a frustrating support system that feels like it is designed to avoid responsibility rather than actually help customers. There is no proper human support, chats are repeatedly answered by bots, and I keep receiving empty or misleading promises instead of an actual solution. The worst part? No return. No replacement.",2026-08-16 16:02:20,26.8.2
Zepto,Kumar Varun Kumar,5,very nice,2026-08-16 15:42:55,26.8.2
Zepto,A.K. Jaiswal,5,Zepto is the good service,2026-08-16 15:41:43,26.8.2
Zepto,Mugilan V,3,🙇🏻,2026-08-16 15:30:49,26.8.2
Zepto,Divyam Nayyar,1,Zepto's service has been declining very much recently. Damaged and Missing Products and there were no resolutions when issues are raised,2026-08-16 15:20:46,26.5.3
Zepto,ayushi Jha,4,good app,2026-08-16 15:18:29,26.8.4
Zepto,Veerji Verma,5,offer bhi diya karo 😄,2026-08-16 15:04:00,26.8.2
Zepto,Premkumar Rajagopalan,1,They send very low quality vegetables and spinach.If asked for a refund they are saying that it was fresh when they dispatched..I even attached the photo for the condition of the item.we are paying money for the product but they are providing cheap quality products..Can't give zero star hence I have given one star. please go to shops and support small vendors..,2026-08-16 14:59:40,26.8.2
Zepto,Afzal Zeya,1,"They are charging the full price but giving less weight The app shows it as 108 grams, but I received 99 grams.",2026-08-16 14:56:46,26.8.4
Zepto,Ajay Kumar,5,good 👍,2026-08-16 14:45:26,26.6.5
Zepto,M. Yamuna Srinivasan,1,do not use this app. worst app ever. they do a scam in name of gift bag and charge us Rs. 25/- but they wont deliver. they are making scam.,2026-08-16 14:44:49,26.8.2
Zepto,Artist• SUDARSHAN,5,excellent,2026-08-16 14:44:30,26.8.2
Zepto,Mr.Awdhesh kumar Lucknow,5,good service,2026-08-16 14:39:40,26.8.2
Zepto,Ayesha,1,It is very disappointing to say..they show different time and deliver at different time.(they show the orderwill be delivered in 10 minutes but they deliver after 45 minutes.,2026-08-16 14:33:37,26.8.2
Zepto,Mohit Mehta,1,Not providing good customer support these days.,2026-08-16 14:28:27,26.8.2
Zepto,Bhausaheb Palve,5,All over ok,2026-08-16 14:27:41,26.8.2
Zepto,Rishabh Tiwari,3,delivery not available frequently,2026-08-16 14:22:58,26.8.4
Zepto,Isha,1,"pathetic app, always facing problems with payment,it never goes through and then i have to chat with a literal bot for a refund. they never give a refund right away like others.",2026-08-16 14:22:39,26.7.4
Zepto,Gajalakshmi M,5,very premium quality,2026-08-16 14:18:07,26.8.2
Zepto,Nasrin Shaikh,5,Nice product,2026-08-16 14:13:30,26.8.2
Zepto,Uvais Khan,5,nice,2026-08-16 14:13:07,26.8.2
Zepto,Satish Lohar,5,veri nice,2026-08-16 14:04:35,26.8.2
Zepto,50 roll no Rahul,1,"worst app, flipkart delivery is better ,zepto cancels order after making to wait for 30 mins. & don't refund money instantly .Please use flipkart minutes to all who is seeing this message that is far better , even you can't contact to customer service in zepto thanks for reading,Going to uninstall zepto forever",2026-08-16 14:01:31,26.8.2
Zepto,Harshvardhan Patel,5,good 👍😊,2026-08-16 13:36:12,26.8.2
Zepto,aravind 050899,5,super,2026-08-16 13:34:32,26.8.2
Zepto,Sipa Behera,5,👍❤️,2026-08-16 13:30:00,26.8.2
Zepto,Sudesh Vanage,4,good fast,2026-08-16 13:29:07,26.7.6
Zepto,•Ᏼʜᴜᴠᴀɴᴇsʜ࿐ Kumar,5,best but not delivering in all locations,2026-08-16 13:24:55,26.8.2
Zepto,Suresh Nikam,5,mast quick delivery,2026-08-16 13:21:39,26.8.2
Zepto,vivek mehta,1,services are deteriorating every day. Many times near expiry items delivered,2026-08-16 13:21:05,26.8.2
Zepto,Dhaneswar Mallick,5,very good 👍,2026-08-16 13:19:39,26.8.2
Zepto,sama gana teja Aila,4,it is good but can do better,2026-08-16 13:13:02,26.8.2
Zepto,Santhosh Kumar,5,ok prices are high,2026-08-16 13:12:46,26.8.2
Zepto,Kumar Raj,5,very nice app,2026-08-16 13:01:39,26.8.2
Zepto,Aasu,1,"very bad experience. ..provided spoiled milk 4 packets...wen complained arguing...very bad service...plzzz avoid zepto.. instead use other apps Swiggy, blinkit,bb ....don't think of zepto again.... truly disappointed...til now 4 times I regret..no more struggles with this app...just uninstall better",2026-08-16 12:56:58,26.5.4
Zepto,Vikas Sahu,1,don't order they will send you damaged product and then say they can't replace.they are dumping yard for the companies for there defective products.,2026-08-16 12:53:48,26.8.2
Zepto,Prabu Dinakaran,4,Good,2026-08-16 12:42:34,26.8.2
Zepto,Manish Jangir,5,good service,2026-08-16 12:37:01,26.8.2
Zepto,RUSHDA RAZA,1,Delivery guys are scammers as well as very rude to customers. sometimes you don't even get the refund as well as damaged package also,2026-08-16 12:36:59,26.8.2
Zepto,Vansh Kumar,5,acha kam hai,2026-08-16 12:35:44,26.8.2
Zepto,shashikant joshi,2,"I will never ever order from zepto in an emergency. We can't connect to the customer executive for help, Chatbot won't understand the issue and is not ready to connect to the customer executive. ordered 15 min ago and delivery time was 5 min. Still the item is not packed.",2026-08-16 12:32:02,26.8.2
Zepto,Manisha Yadav,5,bhaiya ka nature bahut achcha hai main bahut khush Hun ki aise delivery boy hone chahie thank you bahut acche hain aur Jaipur mein aise ladkon ki jarurat hai mujhe bhaiya bahut acche Lage nature wise bahut acche Lage mujhe aur Main daily order Karti hun Jaipur se Kunal,2026-08-16 12:26:40,26.8.2
Zepto,Hiranya Rajkhowa,1,worst delivery partners..,2026-08-16 12:20:24,
Zepto,Richa Singh,1,"Uninstalling the app as I haven't received an item and they even not allowing to raise this issue, instead they are believing their fraudster seller. Why would he say that he has not packed certain item. Delivering an expired product and not responding to the complaint about this, very bad experience.",2026-08-16 12:18:23,26.6.2
Zepto,Shiva Teja,1,"delivery is like 30+ mins.support chat is ai,no help and now I will be getting reply from ai",2026-08-16 12:18:04,
Zepto,Pappu Khan,5,good aap,2026-08-16 12:08:31,26.7.4
Zepto,Sri Kp,5,Timely delivery,2026-08-16 12:05:02,26.8.2
Zepto,Kiran Rathore,1,as I have ordered items i haven't received item not either refund of items as I have complain it said they have delivered but I haven't received.,2026-08-16 12:03:41,26.8.2
Zepto,moments,1,"Taking photo by rider at the point of delivery is worst experience, they put out all the stuff open then take pictures outside home one by one.  I ordered 7 items today and It is worst worst and worst.",2026-08-16 12:03:15,26.8.2
Zepto,Pooja Prashar,5,very good,2026-08-16 11:57:59,26.8.2
Zepto,Kalolla Nakshatra,5,super,2026-08-16 11:52:19,26.8.2
Zepto,Hasini.A,5,good,2026-08-16 11:51:20,26.8.2
Zepto,Shubham rajput,5,very good👍,2026-08-16 11:49:42,26.7.6
Zepto,Navneet Kaur,4,great app 👌 the items are delivered safely and low prices are there👍 👏,2026-08-16 11:49:20,26.8.2
Zepto,achal agrawal,1,stupid app gets white background when trying to add photos for issue reporting due to which not able to report issues with delivered product and no way to contact team. stupid. developers . always showing wrong estimate. shows 5 - 15 mins everytime I order. and always delivers in around 30 mins. making fool of customers. blinkit and Swiggy Instamart doesn't do this kind of fooling to customers. I have already reached out to support zepto via email around 5-10 times within 24 hrs bt no help,2026-08-16 11:44:15,26.8.2
Zepto,Yogesh Bankar,5,nice,2026-08-16 11:38:26,26.8.2
Zepto,Rita Chetri,1,they give worest item,2026-08-16 11:37:35,
Zepto,Jithesh Kumar,5,nice man,2026-08-16 11:34:55,26.8.2
Zepto,Vinod Kumar,4,good,2026-08-16 11:31:04,26.8.2
Zepto,Ganeshkumar Karan,5,best,2026-08-16 11:28:52,26.8.2
Zepto,Shital Jain,4,very good items and very fresh items thank you zepto 😀😀😀😀😀😀😀,2026-08-16 11:26:03,26.8.2
Zepto,Shreyas Bamne,1,"Frustrated with the delivery Ordered between the 10–11 AM delivery window, but it’s already 11:20 and the order still hasn’t arrived. Now I’m being told it will take another 1 hour. What’s the point of providing a delivery window if it isn’t going to be followed? Very disappointing experience.",2026-08-16 11:21:27,26.8.2
Zepto,Shaik Shahid,5,nice app,2026-08-16 11:20:07,26.8.2
Zepto,Sunil Kumar,5,ok,2026-08-16 11:16:05,26.8.2
Zepto,Muskaan Begum,5,good,2026-08-16 11:12:29,26.7.3
Zepto,Ankit Rathore,5,Excellent Services By Zepto,2026-08-16 11:11:10,26.7.6
Zepto,Dibyangana Mallick,5,It's a very convenient app. Please make the app available in more remote areas and districts of West Bengal like Purba Medinipur. Adding a wider range of products would make it better to use.,2026-08-16 11:07:25,26.8.2
Zepto,rishabh miglani,1,"they dont deliver on time. their riders are scammers who dont priprotize delivery and would go on their tea breaks before finally realizing that they have order to deliver. free delivery is whats keeping them alive, otherwise a horrible experience lately",2026-08-16 11:06:55,26.8.2
Zepto,CINE BOX,1,Kindly Deliver To The Address : Address : 562163 Bengaluru Karnataka India Not Available SerVice Enable,2026-08-16 10:56:16,
Zepto,Uma Singh,1,Zepto is getting worse day by Day. they display different products and deliver something else. my money got totally wasted yesterday. I paid for a basmati rice packet but got broken rice inside the bag. I will not prefer Zepto any more. The worst services.,2026-08-16 10:45:37,
Zepto,Sushil Malik,5,excellent service,2026-08-16 10:37:05,26.7.6
Zepto,VIJAY GAIKWAD,5,Material quality,2026-08-16 10:36:11,26.8.2
Zepto,CHITHRA SURESH,1,"when I placed the order, the time shown was 10:22, but the order arrived at 10:40. It shows 7 minutes less in the app. Could you please update the app with the correct time?",2026-08-16 10:35:40,26.7.2
Zepto,Bhawna Chaudhary,1,Zepto delivery boy do not have professionalism driver always denied to deliver the order to the address I have entered I always have to go down to recieve the order even if I am not well driver always deny to deliver the order the tone of the driver is always rude please make sure to teach your driver professionalism.,2026-08-16 10:34:25,25.1.5
Zepto,Arun Kumar Mohanty,1,"reliability is at an all time low, even after showing photos of a spoiled product, resolution is declined citing quality check has been done before delivery, a warning to all zepto users, please thoroughly check the products before giving the otp. once otp is given, forget about any support. even milk also boil an check, whether its good or spoiled. there is no guarantee on the products delivered by zepto. updated... i have given this review based on the discussion I had with your team only.",2026-08-16 10:32:34,26.8.2
Zepto,zee entertaintment,1,are zepto walo ye kya doglapan hai gali no. 8 me delhivery hai meri gali no. 10 me nahi azib h tumhra,2026-08-16 10:25:04,
Zepto,Risabh Kumar,5,good taste and fresh,2026-08-16 10:22:57,26.8.2
Zepto,Jamil Shah,5,very nice,2026-08-16 10:20:31,26.8.4
Zepto,PRAVAT BEHERA,5,good,2026-08-16 10:11:31,26.8.2
Zepto,Kanchana Ramakrishnan,1,zepto is becoming more and more horrible day after day and their customer support is more horrible as they are. please don't buy from this app. we all should file complaints against these looting this app is making from people.,2026-08-16 10:08:22,
Zepto,Sumit Chauhan,5,good at all,2026-08-16 09:59:39,26.8.2
Zepto,Hiba,1,"the app was a great start and I loved ordering through it. Fast deliveries, good products and customer service. Recently I have been facing issues with the delivered products' condition. A hand sanitizer bottle I ordered had black particles inside it, chips packets were deflated, and packets had dirt on the outside. Despite my repeated mails to replace the item, I was offered no satisfactory support.",2026-08-16 09:59:21,26.8.2
Zepto,Arindam Chatterjee,5,good,2026-08-16 09:53:33,26.8.4
Zepto,ramya bhat,1,I'm very disappointed. before zepto used to delivery fresh and clean. now they deliver really bad. when items delivered it either be dirty or broken or damaged product. really disappointed from this. I'm not using zepto for delivery because of this. now they don't deliver clean and fresh items as before.,2026-08-16 09:51:37,26.8.2
Zepto,Shivani Yadav,4,zepto service is best,2026-08-16 09:51:15,26.7.4
Zepto,Vicky Baral,5,best of hyderabad,2026-08-16 09:49:42,26.8.2
Zepto,Gauri Shankar,1,"Strong Complaint Extremely Disappointing and Unacceptable Experience with Zepto I am extremely disappointed with Zepto and the way customer complaints and refunds are being handled. I have faced multiple issues with my orders. In one order, Zepto delivered a rotten and completely unusable cabbage. This is not a minor issue—this is a serious concern when a company is delivering food and grocery products to customers. Customers trust these platforms to deliver fresh and safe products, not spoil",2026-08-16 09:48:50,
Zepto,Gurumurthy Kotlo,4,all good,2026-08-16 09:44:34,26.7.4
Zepto,Sanjay Meena,5,delivery is good and all items are well packed,2026-08-16 09:43:44,26.8.2
Zepto,Ritika Yadav,1,This is the worst app plss don't download I ordered a product which was spicy gecko dry ramen noodles so when it came I opened it the seasoning was already mixed inside it the liquid one which gets mixed after adding hot water keep it for 4 minutes after that take out the water and mix the seasoning but the seasoning was already mixed inside the packet was empty when I got it exchanged the other one was in the same condition and one more thing I once placed a similar order and cancelled it I had,2026-08-16 09:37:12,26.7.6
Zepto,Robot films And movies,5,good delivery app,2026-08-16 09:26:48,26.8.2
Zepto,Roopa Shri,5,good service hand good packageing,2026-08-16 09:20:42,26.8.2
Zepto,Prasanna Channer,5,Fast delivery,2026-08-16 09:20:07,26.7.6
Zepto,Soori 7019,5,compare to similar app's this app is the best to order and more offers I'll get all the time... thank you Zepto,2026-08-16 09:18:04,26.8.2
Zepto,Vishal Nayak,5,good,2026-08-16 09:08:06,26.8.2
Zepto,Dinesh Tiwari,5,good,2026-08-16 08:51:41,26.5.5
Zepto,Pawan Kanak,5,it is very good app,2026-08-16 08:46:43,26.8.2
Zepto,Sasi,5,on time service... 👍,2026-08-16 08:40:18,26.8.2
Zepto,Mentorkary,2,"very bad experience regarding refund... amount deducted but neither order confirmed no amount refunded.,...... once again amount deducted but no order completion and no refund till date...very bad rewriting just because same thing happened this time too... please refund my money",2026-08-16 08:22:21,26.8.2
Zepto,Shakeel Khan,1,maine is app se 400 ka saman magaya tha aur product bilkul use hua and bekar quality ka maine jab use wapas kiya toh ye app abhi tak mere 352 rupees wapas nhi fraud app hai,2026-08-16 08:14:40,26.8.2
Zepto,Mohd Sakib,5,best quality best category and best delivery of zepto fast 🚚 delivery,2026-08-16 08:13:53,26.8.2
Zepto,Chaitra Aditi,4,good,2026-08-16 08:09:52,26.8.2
Zepto,annapurna jitendra ozha,5,bahut achi app h 49 rs m home delivery kuch bhi kabhi bhi manga lo,2026-08-16 08:02:19,26.8.2
Zepto,Vicky Aarya,1,Fraude services,2026-08-16 07:58:22,26.8.2
Zepto,Salonii Thakur,4,overall perfect work,2026-08-16 07:46:36,
Zepto,Sarfaraz Ahmad,1,very bad experience... customer ke sath ye log fraud karte or inka official customer support bhi nhi milta main ne har tarah se try Kiya but only delivery agent se hi bat kar sakte hain jabki delivery Wale ne hi galti ki hai complaint ke liye koi official source nhi hai.. jab main ne in logo ko kaha mere ghar pe cctv lage hain tum ne mujhe saman pura nhi diya hai to baki ka saman bhi bad mein de gaya.. magar ab order lagata hu to out of stock ata hai ya phir order cancel kar deta hai,2026-08-16 07:45:48,26.8.2
Zepto,SANJAY AGARWAL,1,complain not listening,2026-08-16 07:43:00,26.8.2
Zepto,roma jhawar,1,ordered 7litres of nandini orange milk and 1.5 ltrs of curd and 3 ltrs of blue Nandini milk packet but delivered only blue Nandini milk packets and claiming that it is delivered. My apartment cctv is showing a single cover and my house cctv is clearing showing the quantity of milk packets that I removed. They are cheaters,2026-08-16 07:28:05,26.8.2
Zepto,Lakshya,5,nice and fast delivery,2026-08-16 07:11:15,26.8.2
Zepto,MOHAMMED ASLAM,5,good,2026-08-16 07:01:23,26.8.2
Zepto,Jeganathan Eswaran,5,praising high,2026-08-16 06:40:27,26.8.2
Zepto,bored room,1,they send spoilt food and even after having enough evidence refuse to give a refund or replacement. DO NOT BUY FROM ZEPTO,2026-08-16 06:00:57,
Zepto,Abhilasha Singh,1,Dear zepto team I have mailed now 13 times so stop repeating the copy paste reply . zepto team is blind .,2026-08-16 05:57:22,26.8.2
Zepto,Sandeep Kumar,5,thank you,2026-08-16 05:38:05,26.8.2
Zepto,Ravi singh Rajput,1,"This is a very bad service Please do not order anything from here Cash on Delivery is not available, and they take the order deliver it and then leave without providing a refund",2026-08-16 05:33:06,
Zepto,Vandna Chaudhary,5,"this was the best experience I had with some online application. I urgently required milk at 4am , i placed order at zepto and they literally ordered it in 4 min that too in early morning hours without any extra charges 😭😭thankyouuu so much to the person behind it.",2026-08-16 05:09:38,26.8.2
Zepto,Saddam Husain,4,good,2026-08-16 04:50:45,26.8.2
Zepto,Vicky Kumar,3,thank y,2026-08-16 04:49:58,26.8.2
Zepto,Deepak Madan,1,very bad app,2026-08-16 02:49:13,26.7.6
Zepto,Free Money,5,Very good app for groceries,2026-08-16 02:18:56,26.8.2
Zepto,Prince Chopra,1,fraud app hai... vegs mangai thi.. some of them are rotten but they reject refund or replacement... so think twice thrice before order this fraud app,2026-08-16 01:48:11,
Zepto,Dev Kumar,1,"they are demanding too much shopping cost for free delivery like, 299rs, whenever i do order during 149 or 99 when i click to order they suddenly changed the limits😡",2026-08-16 01:47:45,26.8.2
Zepto,MP12 Sanju,5,best app,2026-08-16 01:47:41,26.8.2
Zepto,Zeeshan Raza,5,vvvvvvvv goodddddd,2026-08-16 01:26:28,26.8.2
Zepto,Harleen Kaur,5,jiska koi nhi hota uska zepto hota h all apps didn't allow cash on delivery after 6:00 pm. but you did it zepto love it thanks 😊,2026-08-16 01:24:25,26.7.6
Zepto,Sxhil Sahi,1,very disappointed with zepto they scam people. i ordered emergency item they take my money didn't give back refund i am struggling now because of them.this my last business with zepto sure .,2026-08-16 01:19:50,26.8.2
Zepto,gaurav verma,5,accha h sara product,2026-08-16 01:13:16,26.8.2
Zepto,S Poojari,5,good app,2026-08-16 01:11:29,26.8.2
Zepto,Hrudipadma Sarkar,3,I haven't received my another product moisturizer foxtale,2026-08-16 00:49:38,26.7.4
Zepto,MaariHari Official,1,Dont Order any electronic products worst costumer support,2026-08-16 00:43:27,26.8.2
Zepto,Ayaan Shaikh,1,online stuck,2026-08-16 00:33:41,26.8.2
Zepto,Bhuwan Khati,1,very bad experience the communication is badly transferred ordering something getting something,2026-08-16 00:33:36,26.8.2
Zepto,Arif Khan,5,very nice 🙂,2026-08-16 00:32:37,26.8.2
Zepto,Thakur Rahul,5,best dil,2026-08-16 00:32:03,26.7.3
Zepto,Puja Kaur,5,very fast delivery....thank you,2026-08-16 00:25:40,26.8.2
Zepto,Kanhaiya kumar Prajapati,5,good,2026-08-16 00:25:28,26.8.2
Zepto,Vaishnavi Y. Vaishnavi,5,super,2026-08-16 00:21:42,26.8.2
Zepto,Vineet Kakkar,1,"Very disappointing experience with Zepto – paid for 6, received only 5 I ordered 6 bottles but received only 5. I immediately contacted Zepto support and explained the issue. Instead of resolving it, Zepto repeatedly replied that the seller had “verified” that all 6 items were delivered, but they did not provide any evidence showing that all 6 bottles were actually handed over to me. I also have CCTV footage outside my house clearly showing the delivery agent handing me the two packets.",2026-08-16 00:17:14,26.8.2
Zepto,Sainath G,1,u people charged 25rs for gift bag at time bag even not receiving 15/08/2026 I have paid 25rs for gift bag u people send in toned polithin cover this is great service of zepto shame on ur company,2026-08-16 00:07:53,
Zepto,TWOSIDE GAMER,5,"It's a good app to buy product at best cost and does not take any fee like platform ,packaging ,handling fee . All over is good from instamart and blinkit . Disadvantage is not work in some places. Overall good to use.",2026-08-15 23:59:01,26.8.2
Zepto,ANURAG YADAV,1,zepto totally fraud company customer services totally fraud there is no option to talk any customer service,2026-08-15 23:49:58,26.8.2
Zepto,Kunal Tanwar,1,don't use this app they sale expire or bad quality products specialist chicken and eggs,2026-08-15 23:48:45,26.8.2
Zepto,Nilesh Yadav,5,thank you zepto,2026-08-15 23:33:33,26.8.2
Zepto,Pavan Rai,1,Saman लेने ke bad help tim se koi फायदा नहीं h फ्रॉड h ye Zepto कंपनी,2026-08-15 23:31:44,26.8.2
Zepto,Namrata Garbyal,1,Worst experiences.,2026-08-15 23:29:03,26.7.4
Zepto,Parvin Aziz Patel,5,Happy with Zepto,2026-08-15 23:29:03,26.8.2
Zepto,Iswarya Jayakumar,5,the best and reasonable app ❤️,2026-08-15 23:18:14,
Zepto,Muscle max Muscle max,1,pathetic customer care service,2026-08-15 23:09:50,
Zepto,Sushil,1,nowadays workers in the zepto hub is not working properly providing the expired product to the ppl,2026-08-15 23:09:27,26.7.6
Zepto,Ishan Chaple,1,"Misleading product listing and terrible support. I ordered the Se7en Blackhead Remover Round, shown with round loops on both ends. Instead, Zepto delivered a tool with a dangerous, sharp spike on one end a completely different product and a serious safety hazard. When I contacted customer care for a replacement/refund, they outright refused to help. Extremely unprofessional service and false advertising. Zero accountability for wrong items delivered.Highly disappointed with after-sales service.",2026-08-15 23:05:46,26.8.2
Zepto,Varun Aggarwal,4,please add more medicines. current options are less. but really like the initiative.,2026-08-15 22:58:48,26.8.2
Zepto,Meenu Goyal,5,all products well higen and good quality,2026-08-15 22:58:23,26.8.2
Zepto,Banashankari Motors,5,good,2026-08-15 22:58:03,26.7.6
Zepto,archna k,1,"Very Disappointing Delivery Experience Extremely disappointed with this delivery service. I received the wrong material, and it was delivered much later than promised. On top of that, the quality was very poor, and some of the items were broken/damaged when they arrived. This was a complete waste of time and money. The delivery app needs to improve its quality checks, packaging, and delivery service. I would not recommend this service based on my experience.",2026-08-15 22:53:06,26.7.6
Zepto,satish kamble,5,good app nd service satisfied,2026-08-15 22:51:24,26.7.4
Zepto,Binod Chaudhury,5,thank you,2026-08-15 22:47:26,26.8.2
Zepto,Syeda Firdousz,5,good,2026-08-15 22:44:57,26.8.2
Zepto,Shubham Kamble,1,good,2026-08-15 22:42:41,26.7.4
Zepto,Sonika Karmawat,5,❤️,2026-08-15 22:37:54,26.8.3
Zepto,Shashi Sharma,1,"Bhai serviceable to rehe lo hamesha ""soon in 15 mins"" dikhata hai Bekar app",2026-08-15 22:36:48,26.8.2
Zepto,paramveer singh Sogarwal,5,very nic service cool,2026-08-15 22:36:23,26.8.2
Zepto,Hemender Singh,1,no refunds policy...no customer support only ai bassed solution isse acha to blinkit kro,2026-08-15 22:34:08,26.8.2
Zepto,Mohd Azeem Abdul,1,lot of product and expire date provide can you Streak Action Telangana food safety officer,2026-08-15 22:28:09,
Zepto,vishal kaundal,5,good app for fast delivery and fresh items,2026-08-15 22:27:34,26.7.3
Zepto,Arjun Arora,1,Worst app No coustomer support Doesn't deliver items and then have no support for the coustomer,2026-08-15 22:24:10,26.8.2
Zepto,Thanu Vasistha,1,"They sent curled milk and then refused to refund because the photo showed the milk to be “smooth and uniform”. How tf am I supposed to communicate sour milk to you through a photo? Terrible experience, uninstalling this.",2026-08-15 22:17:59,26.7.4
Zepto,Amar Jit,1,"first time delivered leakage package to milk, think about for hygeine nd child.",2026-08-15 22:13:27,26.8.2
Zepto,Mohd Muzammil,5,good app for faster delivery,2026-08-15 22:08:38,26.8.2
Zepto,Veer Bhadra,1,damaged product received (JKHJSSEAP68114) no one came to pick the order. pickup person missed call didn't picked my call. uninstalling Zepto after the incident.,2026-08-15 22:02:55,26.8.2
Zepto,Jafar Khan,5,very good,2026-08-15 22:02:55,26.5.5
Zepto,Akash Gupta,5,nice,2026-08-15 21:55:15,26.8.2
Zepto,chiruvolu sravani,1,poor packaging of products and no support from the team upon reporting on any complaints related to delivery persons' behavior.,2026-08-15 21:49:26,
Zepto,Chiruvolu Vyshnavi,1,worst experience ever because as of now we have ordered 27 items but they dont provide basic cover for the items and all the eatables must be kept down for checking we have ordered and the customer care people also won't respond properly worstttt ever and the delivery people will speak very rudely,2026-08-15 21:44:44,
Zepto,Bhuvaneshwari A,1,"Ordered a T-shirt, but it arrived damaged, so I requested a return. The delivery partner collected the product, but the app is now showing “Return Failed” as if the item was never collected. I also haven’t received my refund, even though I selected the option to get the refund immediately after pickup. This is very disappointing. Please check the return status and process my refund immediately. very worst!!!",2026-08-15 21:44:38,26.8.2
Zepto,Vikas Kashyap,5,nice,2026-08-15 21:43:14,26.8.2
Zepto,Narendra Kumar Kar,5,Zepto is considered customer friendly. Excellent service. Frequently the items list is revised with market oriented reasonable price. Quality is proportional with the price vis-a-vis market price index.,2026-08-15 21:43:06,26.8.2
Zepto,Kokila K,1,all are fake product and rotten products and customer service is very poor. in the name of discount they are selling expired product,2026-08-15 21:37:15,
Zepto,Devendra Tiwari,5,good,2026-08-15 21:33:48,26.7.6
Zepto,Pravin Sakpal,5,nice aap,2026-08-15 21:28:39,26.8.2
Zepto,Radha Saini,5,good,2026-08-15 21:26:36,26.8.2
Zepto,Akash Sardar,5,Bhalo lageloo,2026-08-15 21:10:27,26.8.2
Zepto,Si Va,5,ok,2026-08-15 21:08:44,26.8.2
Zepto,Avadhesh Yadav,4,good sarvesh,2026-08-15 21:08:06,26.8.2
Zepto,Khizra Fatima,5,excellent💯,2026-08-15 20:59:27,26.8.2
Zepto,Nitish Kumar,1,worst app where you will get wrong n missing items,2026-08-15 20:57:20,
Zepto,Abhay Kumar,5,TOO GOOD QUALITY,2026-08-15 20:56:58,
Zepto,संदीप कुमार दांगी,5,good,2026-08-15 20:50:55,26.8.2
Zepto,Giri Bhatt,5,good,2026-08-15 20:50:42,26.7.4
Zepto,Deepak Gameti,5,excellent 👌,2026-08-15 20:47:34,26.8.2
Zepto,Khushnama Ruksana,5,good product and good quality in best price.,2026-08-15 20:43:42,26.7.3
Zepto,sumit prakash,1,Their delivery service is absolutely terrible. Their delivery patners behavior is so rude. The worst service.,2026-08-15 20:43:14,26.8.2
Zepto,Rinku Sharma,1,It was a very bad experience with zepto second time I ordered 2 refined oil yesterday and received only 1 and when I registered a complaint they told me that 24 hours was complete that's why they didn't refund my money or product,2026-08-15 20:36:23,26.8.2
Zepto,Shaik Honex,1,there is not good response with the customer care,2026-08-15 20:33:17,
Zepto,Chandan Singh,4,I am happy,2026-08-15 20:26:45,26.7.4
Zepto,Rakesh Vashist,5,best price,2026-08-15 20:22:28,26.5.1
Zepto,KAKALI BHATTACHARYYA,5,l think zepto is a best online sopping app,2026-08-15 19:54:37,26.8.2
Zepto,Hani Kashyap,5,good,2026-08-15 19:45:33,26.8.2
Zepto,Nivedha G,5,good,2026-08-15 19:45:23,26.5.4
Zepto,Sanket Halari,1,"I recently ordered a few items, out of which a few products were spoiled, defective & expired on the other hand, other products'hygiene and quality of the packing or items questioned me to even use it further. Upon reaching out to chat support, AI handled the response and denied refund or taking any action on it. No option to connect with a human instead asking to email them. Plus location was another issue which made me go out and take the order since the delivery guy went to the wrong lane.",2026-08-15 19:38:01,26.8.3
Zepto,J Singh,5,okay,2026-08-15 19:31:55,26.8.2
Zepto,Sita Rathore,1,product kharab,2026-08-15 19:30:21,26.8.2
Zepto,Usha,1,completly sending demaged products no able to talk any customer very poor service damaged product send but they asking not demaged no customer suitablly talk poor poor Today is 15aug Ridersdoing misbhehavewithus talking abusive again i got damaged produck leake pakage of milk complte poor servce i m going to raise FIR against zepto as well as rider i also raise complain in app also,2026-08-15 19:29:33,
Zepto,Lalit Rajpurohit,5,ok,2026-08-15 19:25:01,26.8.2
Zepto,B boruah Boruah,5,good service 👍,2026-08-15 19:19:25,26.7.2
Zepto,Dr Surya Prakash Rao Rayarao,1,"very pathetic. I have ordered with this app. Given the correct location, land mark also. shared clear address over phone. The delivery boy simply cut the phone and cancelled the order. The app showing refunds will be credited in the next 5-7 working days. When contacted and complained the customer care, they said they will not tell us what action is initiated on the delivery boy. They said the rights of the delivery boy are more precious than losing a customer.Great! New policy of customer Care",2026-08-15 19:18:07,
Zepto,Lohith pb,5,ok,2026-08-15 19:17:01,26.8.2
Zepto,Madhusudan Palthi,1,the service after delivery is worst. for exchanging or return the product or any companies you can't connect to the customer care. better to order from Blinkit. I am uninstalling this app after facing several delivery/refund/exchange issues.,2026-08-15 19:15:56,26.7.1
Zepto,nitin singh,5,good,2026-08-15 19:01:36,26.8.2
Zepto,Suman Kusumba,5,good 👍,2026-08-15 18:58:34,26.8.2
Zepto,Riddhi Yadav,5,good,2026-08-15 18:48:43,26.7.4
Zepto,Arjun Kataru,5,good 👍,2026-08-15 18:45:23,26.7.6
Zepto,Chandni Parashar,1,"received curdled and expiry milk , customer care give no response, mail box is full of zepto customer care, pathetic service zepto. similarly many more incidents ,",2026-08-15 18:42:41,
Zepto,Kavita Singh,5,best,2026-08-15 18:40:17,26.8.2
Zepto,HARRSHAD V WADEKAR,1,"i order the groceries , while order the time was shown 15 min delivery. the order was delivered after 1 hour. if you are not able to deliver the order in given time then don't show time to customer. support team is also not responding",2026-08-15 18:39:34,26.8.2
Zepto,Rashmika Patil,5,nice 👍,2026-08-15 18:24:15,26.8.2
Zepto,B.N.Shivananda,5,very fast very good amazing wonderful delightful good behaviour and very good must buy this from app amazing app who discovered it is the best person in the whole 🌎 world,2026-08-15 18:16:36,26.8.2
Zepto,Ramesh Shintre,5,service is the best,2026-08-15 18:15:20,26.8.2
Zepto,Gowri Shankar,1,"I ordered 2 packets of Maggi, but unfortunately, 1 packet appears to be spoiled. The packet was unusually soft, and the Maggi inside also appears to be spoiled. While reporting this issue in the app, I uploaded a photo of the spoiled packet. However, after capturing the photo, when I click OK, the app automatically restarts and takes me back to the home screen. The app then closes, and I am unable to complete the complaint/report. Please look into both the food quality issue and the app issue",2026-08-15 18:14:06,
Zepto,Khalil T,1,This app is giving wrong guindence to customers about cashback offer and product receiving worst did not they accept refund or atleast replacement.. Flipkart is best comparing to this app,2026-08-15 18:12:47,26.8.2
Zepto,MOHAMMAD GOUSE BABA,5,excellent service,2026-08-15 18:12:41,26.8.2
Zepto,Bhavana Thakur,5,nice experience,2026-08-15 18:04:33,26.8.2
Zepto,Pruthvi Kumar,1,good 😊,2026-08-15 18:04:03,26.7.6
Zepto,suresh gopi,5,good,2026-08-15 18:01:56,26.8.2
Zepto,Nirmal Maxout,1,it's selling duplicate biscuits,2026-08-15 18:00:07,26.8.2
Zepto,BURGOJU NAGARAJU,5,excellent,2026-08-15 17:56:03,26.8.2
Zepto,PRAVEEN GADDAM,1,expired products and bad conversation,2026-08-15 17:54:00,26.8.2
Zepto,Rushba Fatima,5,Good,2026-08-15 17:45:03,26.7.4
Zepto,Danish Mansuoori,5,good,2026-08-15 17:36:10,26.8.2
Zepto,Urmimala Tah,5,swift service,2026-08-15 17:33:04,26.8.2
Zepto,raj tomar,4,okay,2026-08-15 17:26:03,26.8.2
Zepto,Rupesh Kumar,1,good,2026-08-15 17:22:09,26.7.6
Zepto,Sam N,1,late delivery and bad customer service,2026-08-15 17:15:56,
Zepto,Shekhar Manna,5,nice,2026-08-15 17:15:54,26.7.6
Zepto,Rinku Sharma,5,excellent app and budget friendly 😁😃,2026-08-15 17:15:36,26.7.6
Zepto,Parag Gogate,1,Very slow service. Orders for out of stock items are taken along with payment. Orders delivered with looong waits and refunds take decades. Beauty is a so-called customer service executive do not even bother to read what you have written in the chat. Further stop blaming banks for delay as In today's upi/internet/mobile banking era transactions do not need 5/7 days. Transactions take place in seconds. Guys either improve your systems or purchase locks for your stores. Don't waste our time money,2026-08-15 17:14:46,26.8.2
Zepto,Tabrez Shah,5,nice products,2026-08-15 17:12:17,26.7.6
Zepto,SABIRA BEGUM,5,excellent keep shining,2026-08-15 17:11:44,26.8.2
Zepto,Tejas Goyal,1,"Ordered plumes, zepto gave a damaged package of prumes which is spilled by some other packet. yet they refused to return or refund the product. they Don't allow image to be uploaded, only option is to click photo on their app or interface which leads to poor quality image. the same leads them to rejecting my claim worst app",2026-08-15 17:01:49,24.12.5
Zepto,RiyanshSingh,5,👍👍 ⁷7,2026-08-15 17:01:13,
Zepto,preetam singh,1,apke rider ko kids se baat karne tak ki tamiz nahi hai zepto se accha Blinkit hai blinkit ke rider ko kam se kam tamiz hI,2026-08-15 16:53:04,26.8.2
Zepto,manikanta Gorla,1,"selling Expired products , But when I return exchange I got again Expired product, Some Products even don't even have expiration dates from I ordered,Very unsafe Practices, Taking money from customers & still Harming to them ,file a case on you.",2026-08-15 16:46:28,26.8.2
Zepto,Sahajan,5,good 👍😊😊,2026-08-15 16:43:21,26.8.2
Zepto,Alisha khan,1,taking 50 mins to deliver,2026-08-15 16:40:25,26.8.2
Zepto,Vansh Tomar,1,yah bahut ganda app Hai kabhi bhi mat download karna,2026-08-15 16:39:58,
Zepto,Sehaj Singh,5,awesome 😎,2026-08-15 16:36:08,26.7.6
Zepto,Dipti Tiwari,1,"they're just scammer delever dirty packets of sugar,",2026-08-15 16:36:07,26.8.2
Zepto,Kunal Sharma,1,worst app with worst customer care the customer care will block you if you ask for return and refund,2026-08-15 16:35:14,26.8.2
Zepto,Madhuri Dubey 1100,1,Kharab Saman de ke return to Kr lete h lekin itne chindi log h refund bhi nhi dete instead of zepto try instamart,2026-08-15 16:26:43,26.8.2
Zepto,vinay Mohan,1,the order is always delayed. got the wrong order few times. support is not accurate. replacement orders takes 30 to 40 mins.,2026-08-15 16:09:49,26.8.2
Zepto,माझा कट्टा,1,bad experience misguide delivery partner,2026-08-15 16:06:06,26.8.2
Zepto,Kajal Rayeen,1,"Dear Zepto Support Team, I am writing to bring to your attention a serious quality and hygiene issue with my recent order. I received my order today a bag of rice. Upon opening the package, I discovered that the rice bag was severely torn and chewed by rats. Consuming food items exposed to pest damage poses a major health risk. Given the unhygienic condition of the product, I am unable to use it. I request you to kindly investigate this issue and process a full refund for the item.",2026-08-15 16:04:41,26.8.2
Zepto,Umesh Kumar,5,best quality,2026-08-15 15:59:49,26.7.3
Zepto,Gananjay Kadam,1,"⚠️ Strongly Disappointed with Zepto’s Service My personal experience with Zepto’s customer service has been extremely disappointing. I had a genuine issue with a product I received and simply wanted to return it and get a refund. Unfortunately, despite explaining the issue multiple times, my concern was not resolved. What disappointed me the most was the attitude and communication of the customer-support representative. Instead of understanding the customer’s problem and helping with a proper",2026-08-15 15:54:36,26.8.2
Zepto,dheeraj singh,1,poor service always we can't cancel the order that's big problem .after placing the order we can't change anything 😕😔 ...,2026-08-15 15:47:37,26.8.2
Zepto,Shoib Bhai,5,some more offer,2026-08-15 15:47:22,26.8.2
Zepto,Chaitanya,5,good 👍,2026-08-15 15:41:56,26.8.2
Zepto,Mamatha Raj,5,speed delivery,2026-08-15 15:41:52,26.8.2
Zepto,Ansar Ali,5,so good,2026-08-15 15:26:28,26.8.2
Zepto,Sajala Bandari,1,worst app.... i have placed order and the entire tray of the eggs was missing and the customer care is not helping with that. it has happened second time now. I'm gonna uninstall the app and not gonna use it anytime,2026-08-15 15:25:44,26.8.2
Zepto,Syeda Misba,1,I have received a product with poor quality i had complaint to customer care but there was no response and the product was not exchange or refunded my money totally fraud,2026-08-15 15:22:12,26.8.2
Zepto,Vijay Vijju,5,veary good,2026-08-15 15:18:50,26.7.6
Zepto,Varun Gulati,1,worst experience,2026-08-15 15:12:54,26.8.2
Zepto,Ashu Singh,1,no customer support worst app go for the blinkit or Instamart anywhere expect zepto im damn sure soon zepto is going to shut down,2026-08-15 15:07:14,26.8.2
Zepto,Harshit Agrawal,1,"UNINSTALLED THIS APP TODAY bad experience **I got a response here from zepto and raised my issue via email but still no resolution.** Fraud and scam app, always missing items in delivery and then not giving refunds or returns of bad items delivered Stay away from this app especially Zepto CLUB",2026-08-15 15:01:42,
Zepto,Mansi,1,"Zepto ki service ka ye sabse ghatiya experience raha. Product maine order kiya, delivery receive kar li, aur uske baad aap logon ne khud order cancel kar diya aur payment hold par daal di. Customer ko na proper reason diya ja raha hai aur na hi paise ka clear status. Aakhir customer ki galti kya hai? Product deliver karne ke baad order cancel karna aur paise rokna completely unacceptable hai. Mujhe turant written explanation aur payment resolution chahiye. Agar mere paise unn",2026-08-15 14:56:16,
Zepto,niraj kumar,1,pathetic customer support...doesn't respond even after sending photo of torn packets of food items delivered...fruits are generally of bad quality...the company deserves to be shut down,2026-08-15 14:44:58,26.8.2
Zepto,Yashwanth,1,Why Not zepto. ghatkesar nfc nagar. delivery,2026-08-15 14:38:51,
Zepto,Bitika Sikder,5,zepto is the best delivery for minutes,2026-08-15 14:35:02,26.8.2
Zepto,Priyanka,5,services is great ❤️❤️,2026-08-15 14:34:31,26.7.6
Zepto,Pradeep Soni,5,good,2026-08-15 14:30:38,26.8.2
Zepto,Sambha Devi,5,good 😊,2026-08-15 14:29:15,26.8.2
Zepto,NRS CARGO SERVICES S,5,Everything at very low price and at a good quality,2026-08-15 14:28:37,26.8.2
Zepto,Shilpa Kolhe,5,excellent,2026-08-15 14:19:09,26.8.2
Zepto,Sheetal Singh,1,"they are saying the order has been reached but it is not,the delivery guy is not receiving the call and no customer service,no cancellation of the order and no refund!!",2026-08-15 14:08:34,
Zepto,K Mubashshira,1,sahi location dalne ke baad bhi ye log aate nhi he or zepto vala hamare order cancel kar deta he aaj tk blinkit ya dusre kisi app ne esa nhi kiya...,2026-08-15 14:05:03,26.8.2
Zepto,Madhvendra Trivedi,5,Fast delivery and super product,2026-08-15 13:54:20,26.8.2
Zepto,Samim Sekh,1,fast delivery,2026-08-15 13:43:36,26.7.6
Zepto,Juhi Mittal,5,QR payement option is much appreciated. i highly highly thank u zepto team for the direct QR payement option. its much easier to collaborate with friends and family using this option. please always keep this in the app. thank u zepto for ur service.,2026-08-15 13:37:59,26.8.2
Zepto,Tahera Pathan,5,bhot hi fast delivery hai order complete hote hi 10 minutes k andar delivery Mil jati hai,2026-08-15 13:34:10,26.7.3
Zepto,Sekhon yt,5,very nice and affordable platform with no extra charges,2026-08-15 13:32:56,26.7.6
Zepto,Ramesh Singh,1,location is not received,2026-08-15 13:30:47,26.8.2
Zepto,Ravi teja,1,worst app they will cancel the products from order,2026-08-15 13:17:09,26.8.2
Zepto,Shruti Gupte,5,very good product and very good customer service 👍 thank you zepto,2026-08-15 13:13:52,26.8.2
Zepto,manaswi kamate,4,"The only bad experience I’ve had with Zepto is with Cash on Delivery. If a customer chooses COD, the delivery partner should carry sufficient change and should not ask the customer to arrange change themselves or switch to online payment. Customers may choose COD for various reasons, including not having money available for online payment at that moment. If COD is offered, the payment process should be properly supported. Other than this, I’ve had a good overall experience with Zepto.",2026-08-15 13:12:52,26.8.2
Zepto,khushboo Khatoon,5,good very good n time to time delivery un,2026-08-15 13:10:35,26.8.2
Zepto,hansraj anand,5,best delivery and best product best price,2026-08-15 13:06:53,26.8.2
Zepto,Rahul Batta,5,work,2026-08-15 13:01:34,26.8.2
Zepto,Priyaaa R,1,They are sending spoilt things and if we raising issue they are spring us it seems with half refund.. How funny.. Please don't get addicted to these corporates..,2026-08-15 13:01:14,26.6.2
Zepto,Amrutha Ammu,5,nice collection,2026-08-15 12:59:13,26.8.2
Zepto,sohel bapal,5,awesome,2026-08-15 12:53:07,26.7.6
Zepto,Syed Imtiyaz,5,good 👍,2026-08-15 12:52:21,26.8.2
Zepto,Ravi Gupta,1,Pathetic app. payment failed most of the time on which they take 5-7 days to refund. they keep free money for 5-7 days. also delivery boy's attitude is like they are the owner of the company. very rude. worst experience,2026-08-15 12:49:45,26.8.2
Zepto,Sharanu Gouda,5,Good,2026-08-15 12:35:10,
Zepto,Chhotijha Jhachhoti,3,When I am giving something three stars because one of my items came expired sunscreen!,2026-08-15 12:32:47,26.8.2
Zepto,Amrutha Valli,2,very bad experience 👎 costing to much for simple products and they are also very bad quality i have lost 500 rs for this even when we will go out atleast will some good.. it's really time waste and money waste,2026-08-15 12:31:44,26.8.2
Zepto,purushotam Kumar,5,very good okay,2026-08-15 12:28:30,26.8.2
Zepto,Rugada Ramprasad,1,"Free delivery is not provided. Above 149 rupees. But those who used to offer free delivery for just Rs. 99 are no longer offering it. They are hoping that if they get people used to it, they will buy it no matter what.",2026-08-15 12:23:05,26.8.2
Zepto,Bijili Shiva,5,super,2026-08-15 12:15:41,26.8.2
Zepto,Jitendrasinh Vaghela,5,first time experience good n fast service.good price,2026-08-15 12:00:20,26.8.2
Zepto,dheeraj kumar,1,"When products are missing at the time of delivery, there is no response from them. whether the delivery partner or the Helpdesk. They neither replace or refund the order. It's the second time it's happening.",2026-08-15 11:55:14,26.8.2
Zepto,Anjani,1,isse kabhi milk order karo baaki shop se alag hota hain logon,2026-08-15 11:47:14,26.8.2
Zepto,anuradha silaylaan,5,Good 👍 service,2026-08-15 11:44:54,26.8.2
Zepto,Srividya bindu,1,"no customer priority, Zepto always gives delivery Agents priority , even though Delivery Agents won't come to the door service, ask us to come down 5 times I faced issues, not happy",2026-08-15 11:42:21,26.8.2
Zepto,Mohsina Ali,5,very good service 👍🏼and fast delivery,2026-08-15 11:39:51,26.8.2
Zepto,Yogesh Dandawate,5,best price n fast delivery,2026-08-15 11:37:51,26.7.4
Zepto,KANTI KUMAR BM,2,This app will take more than 30 minutes. It's better if we just go and buy it at a nearby store,2026-08-15 11:32:24,26.8.2
Zepto,Sansh Gupta,5,good job 👍,2026-08-15 11:30:04,26.7.6
Zepto,Promod Ranjan Ghosh.,1,"zepto is a most Harami on line application, coz couple of moth ago I stopped bringing groceries, I used to purchase maximum product and daily veg item's but they never give any benefits",2026-08-15 11:26:24,
Zepto,Atar Singh Nigam,5,service acchi lagi hai,2026-08-15 11:23:53,26.8.2
Zepto,Yashu Yashna,1,"doesn't take online payment, and the refund is taking too long .....",2026-08-15 11:22:34,
Zepto,UMMIDI UPENDRA,5,super 💯,2026-08-15 11:18:44,26.7.2
Zepto,B Nageswar,3,not meet as per label and disappeared mfg details,2026-08-15 11:17:06,26.7.6
Zepto,Puneet Chadha,1,"it really bad, I have order one product but that product is not working so I request to refund my money but they will not providing me the money back",2026-08-15 11:12:46,26.8.2
Zepto,Jyoti Roy,1,its a 2kouri ka worst app zepto sent me Maximum time expired milk and i sent mail or raising the ticket not reply... 7 time i orderd milk and its expired... when i boiled its spread....,2026-08-15 10:56:28,26.8.2
Zepto,Fitness Club,1,9 19 29 offer not showing,2026-08-15 10:52:30,
Zepto,Pranjal Shastri,5,best app,2026-08-15 10:51:02,26.8.2
Zepto,Harshit Chaudhary,1,never delivers on promised time and this is not a single time but like 90 percent of the times,2026-08-15 10:48:21,26.8.2
Zepto,Gouthami Reddy,5,good,2026-08-15 10:44:29,26.8.2
Zepto,Pradumn Singh,1,fraud app now zepto is doing fraud it automatically add products now in your bucket which you have cancelled by naming shipment one or shipment two,2026-08-15 10:41:44,26.8.2
Zepto,Ravi Bhatiya,5,nice,2026-08-15 10:17:26,26.7.6
Zepto,Rishikant Patel,1,their service is becoming bad now a days no chat service is there for everything you need to mail.,2026-08-15 10:15:04,26.8.2
Zepto,Saurabh Nigam,1,"worst customer services, delivering curdled milk, & zepto cafe giving cold pizza , doing repeatedly & not giving refund too, .making excuses only",2026-08-15 10:13:54,
Zepto,Radha S,4,nice service,2026-08-15 10:13:21,26.8.2
Zepto,AYUSHI SINGH,1,unescessary handling fees these days idk whyy,2026-08-15 10:12:17,26.8.2
Zepto,Aar Sh,1,"totally bakwas app I am trying to exchange a about a expire product but when I upload image app restarts... this is deliberately done by these unprofessional people, trying to sell out garbage",2026-08-15 10:05:03,26.8.2
Zepto,Aryan Singh,1,Worst Customer service I've ever seen in my life. Agents are just copy pasting the verbiyas.,2026-08-15 10:03:57,26.8.2
Zepto,Paramdeep Singh,5,Thanks to zapto ❤,2026-08-15 10:02:15,26.6.5
Zepto,Shahinsha,5,"Fast Delivery, Best Prices",2026-08-15 09:53:43,26.8.2
Zepto,jasvinder singh,5,great work,2026-08-15 09:50:26,26.8.2
Zepto,Aniruddh Sharma,1,Aap log ne beg bandh kiya hai wo ok hai but jab store se aap samane bejte hai or Ghar par aake aapka delivery partner saman shoes rack ke pas fek ke jata hai ye roz almost har order me hora hai aap ye photo delevery time par ka kuch karo warna iska me aage bhi action lunga social media me bhi daluga do needful about this,2026-08-15 09:45:46,
Zepto,Nasim Nasim,5,good,2026-08-15 09:36:51,26.8.2
Zepto,Shaiks Ibrahim,5,zepto good aap give me some promotion on independence day even no gift🎁,2026-08-15 09:25:12,26.8.2
Zepto,Anjali Kuntal,1,worst always get cancel,2026-08-15 09:25:03,
Zepto,M. hussain,5,nice work,2026-08-15 09:24:55,
Zepto,Jitendra Handa,3,"Refrigerated items not upto mark . paneer , milk or curd are often sour. The return policy says return in original packing without opening. Better not to buy any refrigerated item from them.",2026-08-15 09:22:26,26.8.2
Zepto,Sofiya sheikh,5,good service and nice experience.,2026-08-15 09:20:55,26.5.1
Zepto,Jyoti Choudhary,5,fast delivery nice behaviour,2026-08-15 09:06:19,26.8.2
Zepto,Munawar Aliquadri,5,very good app fast delivery,2026-08-15 09:05:28,26.8.2
Zepto,Sanjana Sanjnu,5,good,2026-08-15 09:04:00,26.8.2
Zepto,Vivek Kumar,5,good app,2026-08-15 09:02:49,26.7.6
Zepto,Jailani Umar,5,good,2026-08-15 09:00:50,26.8.2
Zepto,Ramandeep Kaur,5,good sarvice,2026-08-15 08:59:52,26.8.2
Zepto,Mohammed Raseed (Razvi),5,veriy good,2026-08-15 08:59:22,26.8.2
Zepto,Ajay Ummadi,1,products are worst quality especially veggies and rice quality is worst,2026-08-15 08:47:19,26.8.2
Zepto,Bala R,1,"Wrost experience, Delivery agent not came to location and cancelled my order",2026-08-15 08:43:09,26.8.2
Zepto,Sheetal Dobal,5,good zepto,2026-08-15 08:35:31,26.8.2
Zepto,Moumita Bhattacharya,1,"They provide poor quality products, do not have any options to return or complain. Do not install",2026-08-15 08:31:07,26.7.6
Zepto,Ranganath late Late,5,Best aap,2026-08-15 08:29:26,26.8.2
Zepto,Mohammad Toqeer,5,Mohammad Toqeer nice,2026-08-15 08:29:06,26.8.2
Zepto,Tarun Patel,5,good work,2026-08-15 08:28:14,26.8.2
Zepto,Rishabh dane,5,Pluxee card details don't get stored in the app. Re-entering details everytime is annoying.,2026-08-15 08:20:31,26.8.2
Zepto,Jasmine jeelani,5,verry good 👍🏻,2026-08-15 08:17:34,26.8.2
Zepto,shubham chavan,3,good,2026-08-15 08:14:49,26.8.2
Zepto,chandan SINGH,1,no happy,2026-08-15 08:14:04,26.8.2
Zepto,Bharatkumar K,5,Best,2026-08-15 08:12:12,26.8.2
Zepto,Pinky,1,"The service is absolutely terrible. Very disappointing experience. ordered a Panipuri Kit from Zepto. The product was returned and the delivery agent took it back, but the app is still showing “Return Failed.” I have not received my refund even after 7 days. I even emailed customer support, but I haven’t received any response. Their customer service is absolutely pathetic. Instead of using this app, I would recommend using Amazon or Flipkart Minute they offer much better discount dont use zepto",2026-08-15 07:39:12,
Zepto,Thala Basith,5,good service,2026-08-15 07:26:39,26.7.6
Zepto,Girisha M G,4,good,2026-08-15 07:12:40,26.7.1
Zepto,Dimple Chopra,4,late night delivery is not so fast,2026-08-15 07:06:08,26.8.2
Zepto,Chanda Bibi,5,zepto is very fast nobody can stop zepto I will order time 7:03 he give me order 7:05 and totally product is good,2026-08-15 07:05:47,26.7.4
Zepto,Subodh Kumar,5,very good,2026-08-15 06:58:54,26.8.2
Zepto,Pallavi Mane,5,Very nice,2026-08-15 06:54:45,26.8.2
Zepto,Neet Wagh,5,great unbelivable service,2026-08-15 06:46:49,26.7.6
Zepto,D Mahesh,5,super,2026-08-15 06:37:15,26.8.2
Zepto,Roseyy,5,besssttttt,2026-08-15 06:35:08,26.8.2
Zepto,kiran Vikas Gulati,1,all milk packet in milk very poor or smell,2026-08-15 04:57:14,26.8.2
Zepto,Kidz zone,1,foolish services industry I ordered for items and paid online before delivery the items came and it was not upto the number of things I bought they refused to replace or refund me don't use this app use blink it it's best customer service is also good,2026-08-15 03:02:56,
Zepto,Arnav Sahu,2,24/7 ki policy bekar h inki 12 baje ke baad koi delivery wala order Dene hi nhi aata h na koii zepto ki taraf se response milta h,2026-08-15 02:12:30,26.8.2
Zepto,Lareb Sid,1,bekar app he bilkul delivery bhot let deta he raat me order karo to subha ko aata he rupay refund nhi karta no.complent numbar,2026-08-15 01:48:32,26.7.2
Zepto,Atul Singh,1,first time i gave 1 star coz they couldn't just sum the price. whole calculation was wrong. after a year i thought giving another try . but they couldn't simply keep timer running. for more than 1 hour it's timer is stuck at 9 min only. can't connect to support since there is ZAP chatbot keep saying I can't connect to support.,2026-08-15 01:45:44,26.7.3
Zepto,Ahamed Meera,5,good,2026-08-15 01:36:26,26.8.2
Zepto,Sam Praba,5,excellent service,2026-08-15 01:15:40,26.8.2
Zepto,Karan Chhajed,5,Best product and fast service,2026-08-15 00:51:48,26.7.4
Zepto,Saniya Ahmed,5,helpfully,2026-08-15 00:49:15,26.8.3
Zepto,Vivek Singh,5,Good performance,2026-08-15 00:47:21,26.8.2
Zepto,Ankush Kakkar,1,"poor customer support. order got delayed by 2 hrs. Delivery boy was roaming here and there and not picking the call. But no support is available. only chatbot is active, which give zero resolution. received melted icecream.",2026-08-15 00:44:26,26.8.2
Zepto,Nandan Kamboj,1,Items sometimes are damaged and wrong items sent but their support team just won't help! Even after sending emails hence 1 star ...,2026-08-15 00:44:01,
Zepto,Rabiya Al qureshi,4,👍🏻,2026-08-15 00:29:03,26.7.6
Zepto,Mamatha Cdu,5,good service thanks to zepto,2026-08-15 00:28:11,26.8.2
Zepto,Ammu Ammu,5,good,2026-08-15 00:15:55,26.8.2
Zepto,CLAN WAR STRATEGY,1,"worst delivery app ever, deliver late always, deliver wrong product every time and when you get to resolve it they will let you talk to a bot and you get nothing resolved . And yeah no need to reply or contact me already uninstalled the app . Bug off.",2026-08-15 00:14:09,
Zepto,Prince Maru,5,👍👍👍👍👍,2026-08-15 00:07:31,26.8.2
Zepto,Sudipta Das,4,Good one with affordable price,2026-08-15 00:05:15,26.8.2
Zepto,IjaZ Mohid,1,"Extremely Disappointing – Zepto Does NOT Stand Behind Its Customers One of the worst customer-service experiences I have had. I received a defective product from Zepto. I contacted customer support, provided the details and evidence, and expected a basic resolution—either a refund or replacement. Instead, Zepto simply rejected my complaint based on the seller's “internal verification”, claiming the product was fine when it was dispatched. No proper investigation, no satisfactory explanation,",2026-08-15 00:04:50,26.8.2
Zepto,Aryan Kannojiya,5,this is a very use full aap and best,2026-08-15 00:00:49,26.8.2
Zepto,Sunitha K C,1,dirty packing and expired item,2026-08-14 23:56:12,26.8.2
Zepto,Balvinder Singh,5,sabse kam price hote hai apke,2026-08-14 23:52:28,26.8.2
Zepto,Uzma shaikh,1,"worst they don't maintain hygiene while storing food items. and deliver you dirty packaging products, melted ice cream.",2026-08-14 23:42:20,26.8.2
Zepto,Neha Singha,1,plzzz don't deleverd expair product,2026-08-14 23:41:31,26.8.2
Zepto,KÃÑÊ ẞW,5,best app,2026-08-14 23:31:05,26.8.2
Zepto,shubham sharma,1,worst delivery among its fellow compititors,2026-08-14 23:26:42,26.8.2
Zepto,BHOAM RAM,5,good,2026-08-14 23:23:58,26.7.4
Zepto,Sahana R Gowda,1,This app has gone completely downhill. This is now the 5th or 6th time I have received stale and completely rotten products in my order. What use is delivery if the food arrives completely unfit for consumption? Their customer support is just as bad as the rotten food they deliver. Trying to get a refund or resolve an issue through their app is an absolute nightmare. They offer zero actual help and refuse to take responsibility for their terrible quality control.,2026-08-14 23:23:22,
Zepto,JOLY Games and youtube,5,good 👍 app 😄👍😄😄,2026-08-14 23:18:51,26.8.2
Zepto,Vamsi Akula,1,worst service of customer care,2026-08-14 23:12:01,26.8.2
Zepto,Bharat,1,"Warning for customers: Zepto’s product details did NOT mention that this chicken was Halal-cut. I found out only after delivery when I saw a separate Halal sticker on the package. By then, it was too late to return. For those who don’t consume Halal meat due to religious beliefs, this is a serious issue. Zepto must disclose such information clearly before purchase. This is misleading and unacceptable.",2026-08-14 23:09:51,26.7.6
Zepto,sk nagul,4,good,2026-08-14 23:06:02,26.8.2
Zepto,Santoshi Ray,5,good quality,2026-08-14 23:01:49,26.7.6
Zepto,Partiyum Tiwari,1,worst service never delivered on time.,2026-08-14 23:00:03,
Zepto,Sandip Mishra,5,good 👍,2026-08-14 22:57:48,26.8.2
Zepto,Moznu Miah,5,very good 👍,2026-08-14 22:57:02,26.8.2
Zepto,Prashant Barhate,1,"worst customer care, received short order, but they don't have customer care numbers, we have to follow bots instructions and it's really worst. better don't use if you have another options",2026-08-14 22:56:42,26.8.2
Zepto,Prince Mehta,1,Worst Customer Service. My order was missing accessories. They are neither giving the missing part nor they are taking return and refund.,2026-08-14 22:53:23,26.8.2
Zepto,Vaibhav Dhall,1,the product was not expired but I open the it smells very bad I think it is not maintain product temperature,2026-08-14 22:46:21,26.5.1
Zepto,Vijay Dhoni,5,good,2026-08-14 22:39:28,26.8.2
Zepto,mukesh sharma,5,"Everything is easy with this app, very commendable work",2026-08-14 22:39:15,26.7.4
Zepto,Sudhanshu Singh,1,"Different Handling charges for different people. For some its free, for some its Rs 10, for me it shows Rs 40. Free delivery on orders above 149 for some people but for some others, the minimum cart value is waived off. Some people get Rs 5 offer, others get Rs 9, 19, 29, etc offers. Some people get both the offers, while some others get none of these. Payment by Pluxee meal card is not accepted sometimes even when the cart contains only food items. Buttermilk (any brand) is one such example.",2026-08-14 22:38:16,
Zepto,Komal Solanki,5,good product,2026-08-14 22:34:52,26.8.2
Zepto,M vijayalakshmi,5,good,2026-08-14 22:32:48,26.8.2
Zepto,Geeteshwar Bhardwaj,1,worst and fraud app,2026-08-14 22:32:44,26.8.2
Zepto,Abhishek Yadav,5,good,2026-08-14 22:32:21,26.5.1
Zepto,Chandrabhan Thakur,1,they are frauds sale low quality products at high rate by showing good photo and refuse to do anything about it,2026-08-14 22:28:02,26.6.4
Zepto,Lanka Chandra rao,1,Worst experience ever. Ordered 6 items. received 5 items. that one item is very important. i reached out to custmer service. that is still in at the store. they didn't want to send that item. now they are asking me to order again for that single one. Useless service.,2026-08-14 22:27:29,26.8.2
Zepto,Priya Megha,5,khub j sari aap che ocha bhav ma sari vastuo male che,2026-08-14 22:14:09,26.8.2
Zepto,Rama tiew,5,butty,2026-08-14 22:08:51,26.8.2
Zepto,nitin gahlot,1,"from 1 hour I'm trying to get a product,,, twice they sent a tampered item,,,,and their chat Marked closed if I'm not there for just 1 minute,,,, worst experience",2026-08-14 22:08:01,26.8.2
Zepto,Nalam Sai,5,good,2026-08-14 22:03:36,26.8.2
Zepto,Surendra Saran,5,That's an indeed a fasssssst service app,2026-08-14 22:02:41,26.8.2
Zepto,Aruna Devi,5,super tasty food,2026-08-14 21:57:49,26.8.2
Zepto,ritik Rajput,5,very nice,2026-08-14 21:57:46,26.8.2
Zepto,Kutty Skkutty,5,good app fast delivery I like u so much,2026-08-14 21:57:27,26.7.4
Zepto,Rishikesh Parasar,1,bad service,2026-08-14 21:56:40,26.8.2
Zepto,Rahul Sharma,1,exchange / return shows no slot available today but slots are available if you place a new order for same item. You are only giving priority for selling and not to the customers whom you have delivered the wrong products.,2026-08-14 21:56:32,26.8.3
Zepto,Syed Alfiya,5,Nice app help full,2026-08-14 21:56:06,26.8.2
Zepto,Adv Kavita Soude,1,worst experience 😞,2026-08-14 21:55:08,26.8.2
Zepto,Rahul Tiwari,5,good service,2026-08-14 21:54:52,26.8.2
Zepto,NetherClashor,5,very nice app,2026-08-14 21:54:17,26.8.2
Zepto,Rajni Chauhan,5,very good 👍,2026-08-14 21:46:28,26.8.2
Zepto,Abhishek kumar Singh,2,this app is not minute delivery aap this is an hours delevery aap,2026-08-14 21:28:48,25.2.1
Zepto,Sunita Kashyap,4,good,2026-08-14 21:23:42,26.8.2
Zepto,ASHOK PAGADIPALLY,5,good,2026-08-14 21:20:54,26.8.2
Zepto,Vishal Gore,1,worst customer support and worst product specially vegetables no complaint will take . They have only chat bot support direct denied your replacement or refund,2026-08-14 21:07:10,
Zepto,Vishal Yadav,5,Good,2026-08-14 21:05:45,26.8.2
Zepto,Abhishek,5,very nice 👍👍👍,2026-08-14 21:01:34,26.8.2
Zepto,Aryan Meena,1,घंटिया कंपनी है कोय सपोर्ट नहीं मिलता है खराब सब्जी भेजी उसका रिफंड भी नहीं दिया 😡,2026-08-14 20:59:31,26.8.2
Zepto,deepak tyagi,5,they gave vlue for money,2026-08-14 20:56:43,26.8.2
Zepto,Sakshi Nishad,5,hye vaoo nich aap,2026-08-14 20:54:41,26.8.2
Zepto,Suhavika Ara,1,I'm so disappoint for damage product and there is no response from zepto team,2026-08-14 20:53:16,26.8.2
Zepto,devi nithiya,4,good one go for it,2026-08-14 20:53:09,26.7.3
Zepto,White knight,1,"If you actually do read these, because you can't be bothered to have any actual person(s) sitting for customer care; I issued a scheduled exchange for a faulty headphone (the right side was sparking). The exchange was never made, there was no contact from the delivery partner, and after calling him 13 times he has switched off his device. The app says the exchange was made with an invoice that who knows how you generated BECAUSE IT'S NOT A LEGAL INVOICE.",2026-08-14 20:52:21,26.8.2
Zepto,Juhi Singh,5,good,2026-08-14 20:50:49,26.7.6
Zepto,Raisha,1,they took 94rs and i didn't get my order now they are not giving a refund,2026-08-14 20:49:47,26.8.2
Zepto,Rahul singh,5,good 👍,2026-08-14 20:49:37,26.8.2
Zepto,Habeeba Shaneeb,5,𝘨𝘰𝘰𝘥🤍,2026-08-14 20:46:29,26.8.2
Zepto,Sunny Kalra,5,one word for this app ... amazing 🤩😍,2026-08-14 20:45:49,26.7.6
Zepto,Ankit Biswas,5,good,2026-08-14 20:44:20,26.8.2
Zepto,Saksham Garg,1,"The support option has been made to be so useless now, the zap(zepto assistant) does not even let us type about problem . Zepto no longer assigns any Human agent and their bot is useless. they keep saying email us for help but its been nearly 1 hr and no reply. trash",2026-08-14 20:42:54,26.8.2
Zepto,Amitav,1,Never Buying again from ZEPTO..They are running a scam service. They have sent damp products and refuse to replace/refund.,2026-08-14 20:42:31,26.7.2
Zepto,Dhinesh Dhanush,1,"very bad night night time la order panna 1 1/2 hr late ah delivery pannuranga very very bad Zepto app. my location Dunlop, Ambattur, Chennai. ippo app vera work aakala very very bad",2026-08-14 20:33:28,
Zepto,Prakash Singh,1,late delivery and quality issue is found in most of order,2026-08-14 20:29:07,26.7.2
Zepto,Bobby Rao,5,Bast product,2026-08-14 20:27:40,26.8.2
Zepto,Vijay Pandey,5,price almost right,2026-08-14 20:23:08,26.8.2
Zepto,Rupa Dey,1,Rong item delivered,2026-08-14 20:21:45,26.8.2
Zepto,mamta dani,5,very nice fast,2026-08-14 20:21:01,26.8.2
Zepto,Manoj Kumar,5,my good taim 💥✨✨✨✨✨,2026-08-14 20:20:22,26.7.6
Zepto,Paramaguru D,4,very good,2026-08-14 20:13:54,26.7.4
Zepto,dr syamal chandra Chakrabarti,3,so so.,2026-08-14 20:12:26,26.8.2
Zepto,Om Kavar,5,"very good, but takes more time than others",2026-08-14 20:05:57,26.8.2
Zepto,rashmi u,1,"The consumer complaint redressal forum has become quite annoying. I reported an item missing in the delivered items. At first they provided an option to return but they didn't send any delivery executive to collect the same. I again went to chatbox, then they asked me to report the same complaint on their mail id. I did the same but they said the refund is not possible for the same item. Then they asked me to check on the app if there is an exchange available for the same item. What a joke!",2026-08-14 20:04:42,26.8.2
Zepto,Dilip Parihar,1,dahi k packet ki expiry long time hoti h pr 2 din m full jata h kharb ho jata h,2026-08-14 19:55:37,26.8.2
Zepto,ALi Hashmi,5,very good delivery nice,2026-08-14 19:53:13,26.8.2
Zepto,Priya Sarda,1,bad quality vegetable..n no exchange or refund,2026-08-14 19:50:45,26.8.2
Zepto,Mahesh Dhokte,1,"no support from the customer care team. damaged products delivered, rude delivery agents",2026-08-14 19:47:58,26.8.2
Zepto,jag jeevan Singh jeevan Singh,5,excellent service,2026-08-14 19:47:38,26.8.2
Zepto,Pardeep Kumar,5,very gud first experience,2026-08-14 19:24:27,26.8.2
Zepto,Urmila Gupta,1,my zepto referred not showing link problem please fix this problem,2026-08-14 19:21:03,26.8.2
Zepto,Anuradha Verma,5,Good experience,2026-08-14 19:18:39,26.8.2
Zepto,Maxx.,4,wow,2026-08-14 19:12:11,26.8.2
Zepto,Prakhar saxena,1,refund not be returned and no option to solved this issue,2026-08-14 19:11:59,
Zepto,Karthik Nadig,1,"When I am placing orders worth ₹300 or more, why would I lie for ₹19? I am clearly stating that I have not received the product. I have already checked everything from my side. I don't understand why this issue is still not being resolved. This is very disappointing service. If this is not resolved, I will not continue using your service",2026-08-14 19:11:35,26.5.5
Zepto,Ankita Anand,1,worst customer support,2026-08-14 19:03:33,26.8.3
Zepto,pradeep samudrala,1,worst experience,2026-08-14 18:53:36,26.8.2
Zepto,Rajarshi Acharya,1,"Lets you link Amazon Pay Later, has coupons for Amazon Pay Later, doesn't allow you to use it. Oh, and they're lying about no-cost EMI as well.",2026-08-14 18:52:55,26.8.2
Zepto,Sampath,5,good,2026-08-14 18:51:34,26.8.2
Zepto,Ankush Ghanekar,4,good,2026-08-14 18:51:27,26.8.2
Zepto,Shaik Aisha,5,very good 😊,2026-08-14 18:44:26,26.7.4
Zepto,Amit Gupta,1,Any concern raised around delivery is simply discarded by the customer care. money wastage only with this app,2026-08-14 18:43:38,26.7.6
Zepto,Salma Anwar,5,good 👍,2026-08-14 18:42:14,26.8.2
Zepto,Syed Abrar,4,good app 👌,2026-08-14 18:37:20,26.8.2
Zepto,Vishal Pandey,5,excellent work 👍,2026-08-14 18:33:15,26.8.2
Zepto,Ravi Chandran,5,very nice,2026-08-14 18:31:54,26.8.2
Zepto,Neeraj Kumar,1,Don't buy anything from this app because they make a lot of excuses when it comes to refunds.,2026-08-14 18:30:40,26.8.2
Zepto,Abhishek Jaju,1,"Day by Day Zepto is getting worse not only with delivery but also with customer support. Recently received completely spilled order, uploaded the pics the chatbot as usual denied refund even after providing proper pics and the best part they don't have option to connect to an agent.",2026-08-14 18:25:16,26.8.2
Zepto,Rehnuma Parveen,5,very useful app,2026-08-14 18:24:45,26.8.2
Zepto,Vishal Dhaked,4,good service,2026-08-14 18:24:10,26.8.2
Zepto,Venkatasubramanian B,5,Excellent,2026-08-14 18:20:42,26.8.2
Zepto,Sima Nayak,5,Quick service Thankss zepto,2026-08-14 18:12:19,26.8.2
Zepto,Ravikumar Koyyana,5,excellent service,2026-08-14 17:58:03,
Zepto,Darshini Mandalia,5,usefully app,2026-08-14 17:51:11,26.7.4
Zepto,NAGARAJ R G,1,worst app,2026-08-14 17:48:37,26.6.2
Zepto,Anitha Papi,5,good,2026-08-14 17:34:56,26.8.2
Zepto,Yuga Mithra,5,excellent,2026-08-14 17:19:17,
Zepto,Kewal Saitwal,1,"provide a clear Refer & Earn / Invite FriendsThe app has a Referral Program clearly mentioned under Help & Support, but there is no visible option in my account to actually access or generate my referral link. I checked Profile, Rewards, and the Referral section, but couldn't find any Refer/Invite option. The Help section says users can participate and that referrals require a specific referral link, so please make the referral option easily accessible for eligible users. Please fix this.",2026-08-14 17:13:51,26.8.2
Zepto,Naushad Ahmad,5,good,2026-08-14 17:02:09,26.7.6
Zepto,Kunal Diwan,1,very bad experience do not install it bad customer support. bad quality products . uinstalling this app and I don't recommend anyone to use it .,2026-08-14 16:59:21,26.7.6
Zepto,Md Zahid Asghar,5,fast delivery,2026-08-14 16:54:48,26.7.6
Zepto,Mahi Mahi,1,please # boycottzepto.mujhee damaged egg received howa hai.damaged biscuits received howa hai. menee bahat request kiyaa fir bhi exchange nhi kiya .. na hi refund diyaa..aur tomato aur green chilly bhi missing tha menee complaint kiyaa. kuch bhi help nhi mila..very bad service ...please boycott karo. pesa extra letee hai.aur service 0,2026-08-14 16:52:00,26.7.4
Zepto,Sundaram Kavitha,1,"very worst app and scammer app they didn't refund the amount after the out of stock orders , i ordered some groceries in this app but that store side some products is out of stock so they Said i refund your amount, but still now more than 10 days they didn't refund the amount but app side shows refund completed, I try to contact the customer support they didn't chat after 24 hours of order , now what can I do , very bad experience, sure I will delete this app permanently, don't download this app",2026-08-14 16:50:50,26.8.2
Zepto,Loke Jake Chenena Queen,5,Great app,2026-08-14 16:32:47,26.8.2
Zepto,Manisha Yerunkar,5,very good Service 😃 Thanks 👍,2026-08-14 16:32:20,26.8.2
Zepto,Sonia R.K.,1,"Zepto Support absolves themselves of any responsibility for the poor quality products they deliver. Buyers beware that you are likely to get refrigerated ginger, potatoes, unripe fruits including mangoes, etc, unsafe for consumption. Buy these items locally, at least you can see what you are purchasing, right?!",2026-08-14 16:26:38,26.8.2
Zepto,jarwal jarwal,4,fast dilivery,2026-08-14 16:22:42,26.7.6
Zepto,Priyanka Devi,1,Worst app worst costumer care and help services you should rather switch to other apps they delivered broken items and have stiil not taken it back neither responding totally not worth your time,2026-08-14 16:04:27,26.6.4
Zepto,Vishal Kumar,1,zepto service is very deley,2026-08-14 16:01:31,
Zepto,Dimple Sharma,5,good service,2026-08-14 15:59:06,26.8.2
Zepto,Abullais Ruknuddin,1,too slow like a turtle,2026-08-14 15:45:34,
Zepto,Perazhagi,5,nice 👍,2026-08-14 15:39:44,26.7.3
Zepto,Kajal Surse,5,best quality,2026-08-14 15:22:51,26.7.6
Zepto,Divya,3,Price was so high u can reduce or give cashback,2026-08-14 15:19:47,26.7.6
Zepto,Sakshi Shinde,5,good service,2026-08-14 15:19:05,26.7.4
Zepto,Susmita nayak,1,This is a worst app when I want a refund or exchange on my expired panner they refused my refund This is a stupid and worst grocery minutes app 😡😡 pls do not shopping on this app You can buy different minutes from the app. At least you people understand refund and return. This is a worth app.,2026-08-14 15:15:03,26.6.5
Zepto,Anu Ram,1,worst app pls don't use response is very worst,2026-08-14 15:12:24,26.8.2
Zepto,Sakthikavi Kavitha,5,good,2026-08-14 15:11:33,26.5.2
Zepto,Rasika Bane,5,best delivery,2026-08-14 15:11:09,26.7.4
Zepto,Łîł Źāîńù,5,Thnx Zepto,2026-08-14 15:10:49,26.7.4
Zepto,Itz Dhillon,5,good working,2026-08-14 15:07:01,
Zepto,nilesh nena,1,Very Very Bed experience in zepto,2026-08-14 14:42:10,26.8.2
Zepto,Kiran Vishwakarma,1,bad service ...10 mint bolke bhi 10 mint me delivery nhi krte hai,2026-08-14 14:41:47,26.8.2
Zepto,Muslim Khan,5,good,2026-08-14 14:41:29,26.8.2
Zepto,ajeetkumar Pal1993,1,bahut hi ghatiya aap hai froud don't trust zepto,2026-08-14 14:38:29,
Zepto,Abhishek kansara,1,poor service,2026-08-14 14:37:18,26.8.2
Zepto,Lafandar Boy,5,very good very good,2026-08-14 14:30:46,26.8.2
Zepto,Anshul Rathor,1,Worst app ever Zepto claims 10 minute grocery delivery but this is not how it works The delivery partner did not even try to deliver my order and simply cancelled it Now I have to wait for the refund initiation process because of their mistake Customer service is also useless and does not properly resolve complaints What is the point of promising 10 minute delivery when the order can be cancelled without even attempting delivery Extremely disappointing experience Worst app ever.,2026-08-14 14:30:09,26.8.2
Zepto,Rida Taqvi,1,Fraud people and brand.Their exchange policy is my issue.They don't help.Very bad experience from few orders . Don't install this app.They are fraud.Zepto is worst aap.,2026-08-14 14:30:04,26.8.2
Zepto,Anurag Pathak,1,this app is very annoying do not download this app,2026-08-14 14:23:44,
Zepto,Annu vishwakarma Vishwakarma,5,good service,2026-08-14 14:21:15,26.8.2
Zepto,Sarfaraz Badshah,4,onions quality was very very low rest of the product was good 👍,2026-08-14 14:18:47,26.8.2
Zepto,Ayana,1,It's crazy how this app is not available at my place! Other apps have my location but this one is not accepting,2026-08-14 13:56:42,
Zepto,mohit saini,1,fraudsters after frequest request for wrong delivery they are not solving the issue,2026-08-14 13:49:33,26.8.2
Zepto,Kowusika,5,super 😍,2026-08-14 13:43:00,
Zepto,Monika Randhawa,5,good,2026-08-14 13:39:34,26.8.2
Zepto,Chetan Chetan,5,good 🌪️,2026-08-14 13:27:07,
Zepto,Sarika Banaode,5,goot,2026-08-14 13:11:26,26.8.2
Zepto,R.S. Bala,5,good,2026-08-14 13:09:51,26.8.2
Zepto,Saily Madkar,1,"worst customer service, they send rotten and stale products and at the time of complaining their app is not working. if we ask for proof they send automated replies and they blame us for broken products. Both app and mail support is the worst. you are replying to ""mail us"", but there only I did not get any support.",2026-08-14 13:06:35,26.8.3
Zepto,Sandeep Kumar,5,good,2026-08-14 13:05:33,26.8.2
Zepto,Kosar Kosar,5,aahad,2026-08-14 13:01:19,26.7.2
Zepto,Sathish Kumar Sathish,5,good,2026-08-14 12:51:58,
Zepto,Kavita Tariyal,5,very fast delivery thanks zepto product quality is so good 😊,2026-08-14 12:50:07,26.8.2
Zepto,miui,5,good app,2026-08-14 12:46:36,26.7.4
Zepto,SK SK,5,so good job 👏👍,2026-08-14 12:29:53,26.7.6
Zepto,Zeenat Firdaus,1,worst delivery experience,2026-08-14 12:29:19,26.8.2
Zepto,Sarmistha Dutta,5,Good 👍👍👍👍,2026-08-14 12:24:56,26.7.6
Zepto,Saurabh kumar Singh,4,best thing is that in only 99 rupees we have free delivery but at sometime many of the things are not available,2026-08-14 12:21:43,26.8.2
Zepto,Mohamad shaikh tipu Sultan,1,worst app no customer support. once order done if they cancelled it take too long to receive refund. worst experience uninstalling now. don't install. if you are in emergency your money stuck. you are gone,2026-08-14 12:21:03,26.8.2
Zepto,Deepika Deepika,5,💯,2026-08-14 12:08:14,26.8.2
Zepto,Navita Jain,1,I had such a bad experience. I ordered two Baskin robin ice cream. Zepto sent two different icecreams. I complained so many times but they just didn't help me with my problem. It was a total waste of money. Also the ice-creams were melted.,2026-08-14 11:38:26,25.4.3
Zepto,Ranil Kr,5,very quick delivery,2026-08-14 11:38:05,26.8.2
Zepto,Sankalp Singh,1,very bad,2026-08-14 11:34:15,26.8.2
Zepto,Abdulrahman 99,5,Thank u,2026-08-14 11:33:53,26.8.2
Zepto,Rajesh Kumar Singh,3,My Order not placed why,2026-08-14 11:32:41,26.8.2
Zepto,Ramya V,5,good service and user friendly products,2026-08-14 11:31:40,26.8.2
Zepto,Rohit pawar,1,give me coustomer care number our email I get deactivate product I want refund in your application coustomer care is not working how can I complaint,2026-08-14 11:27:11,26.8.2
Zepto,Barsha Karmakar,1,akdam faltu ap hai customer service bohut kharab hai kharab product deke return tak nahi karte,2026-08-14 11:24:10,26.8.2
Zepto,Kailas,1,"Very disappointing experience. My ₹310 order was marked as delivered, but I never received the shipment. I contacted Zepto customer support multiple times, but my refund was not processed and the issue was not properly resolved. The support team kept stating that the order was delivered without providing satisfactory proof of delivery. I have now raised a formal grievance as well. Customers should not have to fight this much for an order they never received.",2026-08-14 11:21:48,26.5.5
Zepto,Reenu Billing,5,thanku soo much zepto,2026-08-14 11:19:55,26.8.2
Zepto,Sai Chand,3,I gv 3 star because veg items 👎,2026-08-14 11:15:45,26.8.2
Zepto,Prasanna Press,5,super,2026-08-14 11:12:01,26.8.2
Zepto,VIP,5,good,2026-08-14 11:11:52,26.7.6
Zepto,Thakur Abhishek Singh,4,too fast,2026-08-14 10:55:26,26.8.2
Zepto,Prabhat Yadav,1,very bad support,2026-08-14 10:52:35,26.8.2
Zepto,Sonu,5,best,2026-08-14 10:47:16,26.8.2
Zepto,Anjali Srivastava,2,saman kharb de rhe aaplog,2026-08-14 10:30:42,26.8.2
Zepto,Sachin Kumar,5,my first choice whenever I want to order and get it at best price and faster,2026-08-14 10:10:47,26.8.2
Zepto,Umesh Soti,5,too good delivery,2026-08-14 10:09:43,26.8.2
Zepto,santhosh Kumar,1,it's not good this app,2026-08-14 10:06:42,26.8.2
Zepto,Vamsi V,1,avarage,2026-08-14 09:59:53,26.7.4
Zepto,Ramesh Jha,1,"Fraud App. No customer care support, please avoid installing it.",2026-08-14 09:40:53,
Zepto,Golu Jha,5,Nice,2026-08-14 09:38:59,26.8.2
Zepto,Neerja Kujur,5,nice,2026-08-14 09:38:14,26.8.2
Zepto,Najmul islam islam,5,ok,2026-08-14 09:34:55,
Zepto,Madhu Ammu,5,good,2026-08-14 09:30:20,26.8.2
Zepto,sangeetha M,5,good,2026-08-14 09:27:31,26.8.2
Zepto,Shailendra Yadav,5,good👍,2026-08-14 09:19:37,26.8.2
Zepto,Jitendra Rathore,5,Market Jana hi band kr dia .Thanks to Zepto. But bhai Investor ka Paisa kyn fook re ho. I don't think itna Kam rate me Dekr profit me ho jaygi company ...,2026-08-14 09:18:23,26.8.2
Zepto,Tanu Sikka,1,"zepto delivery person entered society more than 15 mins ago. still not delivered, and app shows arrived. this wrong status has become frequent. also no help from their chat support it just keeps saying will deliver in 2 mins",2026-08-14 09:02:19,26.8.2
Zepto,Anita Srivastava,1,अभी मैं सामान मंगाया था अंडा उसमें से कीड़े निकल रहे थे,2026-08-14 08:59:52,26.8.2
Zepto,Suruchi Srivastav,5,good quality product 👍,2026-08-14 08:53:02,26.8.2
Zepto,Gayathri K,5,super 👌,2026-08-14 08:50:43,26.8.2
Zepto,Sanny Nagar,5,"Worst customer service. Delivered damaged, broken eggs worth ₹237 (Order #TUVPRGZYM89880) and their team keeps closing chats and rejecting refunds using automated loops. Highly disappointed."" I have evidence give all screenshots in gmail order summary broken egg photo but not satisfied response till now excutive review i waiting yesterday evening",2026-08-14 08:43:52,26.7.4
Zepto,Samim Molla,1,"Very bad experience. This was my first order with Zepto, and I’m extremely disappointed. My product arrived damaged, and the whole experience with customer support was frustrating. I expected better service, especially as a first-time customer. I would not recommend Zepto based on this experience.",2026-08-14 08:27:52,26.8.2
Zepto,Manish Yadav,5,very useful,2026-08-14 08:25:24,26.7.2
Zepto,Sunita Mathur,5,good👍,2026-08-14 08:25:02,26.8.2
Zepto,Tanu Singh,5,"Absolutely amazing experience with Zepto! ⭐⭐⭐⭐⭐ Super fast delivery, great service, and everything was delivered fresh and safely packed. The convenience and efficiency are truly impressive. Zepto has made everyday shopping so much easier. Highly recommended👍 Thank you so much Zepto❣️",2026-08-14 08:10:42,26.8.2
Zepto,Sandeep Singh,5,very quick,2026-08-14 07:54:56,26.8.2
Zepto,PAMMI Singh,5,last I ordered nestle milk one kg ..your man came with broken seal..he took..pics of carton and said he took my phone to complaint ..and took cash. full amount but I did not recieve my milk back ....I always pay cash on delivery ..now I want to order groceries but you guys blocked my cash account ..I am so upset..I am 72 years old ..and facing so much trouble from your side ..unbelievable,2026-08-14 07:49:27,26.8.2
Zepto,Prashant Kurhe,5,fast Delivery 🚚,2026-08-14 07:44:34,26.8.2
Zepto,Mohammad Masthan,5,superb,2026-08-14 07:43:51,26.8.2
Zepto,Dipesh Barthwal,1,improve your product quality,2026-08-14 07:34:46,26.8.2
Zepto,Ajay c,1,"pathetic support, don't know how to talk, Yesterday they first they sent one day shelf.life and then said We will send another but again second time they have sent one day shelf life, then third time I asked for return then he came said this one has one to Go to expiry so we can't take it, You sending one day shelf life bread, can i eat the whole bread in one day",2026-08-14 07:17:26,26.8.2
Zepto,sabitha k,5,satisfied,2026-08-14 06:54:58,26.6.5
Zepto,Shivam Nemane,5,अच्छा,2026-08-14 06:51:44,26.7.3
Zepto,Nusrath Fathima,5,good ap,2026-08-14 05:56:40,26.7.4
Zepto,Alex Magar,5,good,2026-08-14 03:49:16,26.8.2
Zepto,Tushar Khattar,1,this application is worst don't use it,2026-08-14 02:50:50,
Zepto,Rajveer Singh Mina,1,"Very dissatisfied. I placed a prepaid order on Zepto when the app showed a 5-minute delivery estimate. It has now been over an hour and the order still hasn’t even been assigned to a delivery partner. The chat support keeps pushing the delivery time by another 5–6 minutes every time I check. Extremely frustrating experience, especially for a prepaid order.",2026-08-14 02:26:38,26.8.2
Zepto,Gaurav baraik,5,fast service great 👍 👌,2026-08-14 02:09:05,26.8.2
Zepto,Prakash Jha,1,"Pathetic, Disgusting customer care service.Hence uninstalled from both numbers.Better to use Amazon now, fresh and flipkart minutes",2026-08-14 01:49:03,26.8.2
Zepto,Somesh Krishna,1,"they are complete fraud, I had ordered multiple items and one of them was missing, delivery agent said you can give otp and raise issue on app, zap ai assistant also said the same thing. but now they are not ready to refund my money, for proof I called the delivery executive and asked if it was given from the store and he also confirmed it was not. I gave the recording also but these fraud people are not returning my money, never using this app again",2026-08-14 01:49:02,26.7.4
Zepto,Pratibha Jha,1,Worst pathetic and disgusting kind of escalation team.Not got a resolution in 12 days.So uninstalled your app from both accounts.,2026-08-14 01:40:13,26.8.1
Zepto,Thangam Thangam,5,thank for ur delivery timings zepto,2026-08-14 01:33:35,26.7.4
Zepto,Kajal Silawat,1,"too much bad experiance...never use this app again in my life It’s been two hours, and I’ve received neither my order nor any update; the delivery person was also extremely rude. I placed the order at 11:00 AM, but they cancelled it on their own at 1:20 PM. Where am I supposed to order from this late? Why do they even accept orders if they don't intend to deliver them?",2026-08-14 01:29:51,
Zepto,Anamika Sinha,1,"Poor experience don't use this app They take up your hard earned money and either deliver half an item or wrong item and when you raise a concern they put a bot over there to reply who reply in a deaf tone which is as expected, and never refund.",2026-08-14 01:06:17,22.10.4
Zepto,Kiraak Azhar,5,nice,2026-08-14 01:03:47,26.8.2
Zepto,Gubbu Sharma,5,technical issue,2026-08-14 01:02:18,26.8.2
Zepto,PRACHI DHIMAN,1,bekar app order not delivered or payment no refund that no right bhut bekar app hai,2026-08-14 00:56:50,
Zepto,Sahil Khan,5,wow wow wow,2026-08-14 00:48:24,26.7.6
Zepto,Sunny Rajput,5,They are charging lower then Blinkit .,2026-08-14 00:43:23,26.8.2
Zepto,vandana agrawal,1,"chappal chor app, don't use , chor hain. Very bad service🤮🤮🤮🤮",2026-08-14 00:43:03,26.8.2
Zepto,Aditya Agrawal,1,"chappal chor, don't use this app.",2026-08-14 00:42:54,26.8.2
Zepto,Deeksha Chitranshi,1,"Worst app ever, fraud delivery partners. Taking the amount not delivered product now not even refunding the amount.",2026-08-14 00:37:23,23.11.4
Zepto,K Aravind Balaji,1,5 more like 50 mins and no support agent,2026-08-14 00:32:44,26.8.2
Zepto,shaikh shafiq,5,Good performance,2026-08-14 00:32:06,26.8.2
Zepto,Rachit Singh,1,this app is really bad.worst experience I ever realised,2026-08-14 00:29:06,26.8.2
Zepto,Kana Jangid,1,very bad service so slow 🤬,2026-08-14 00:26:56,
Zepto,Vibhu,1,"They said that priority support will be provided for members but there is no such thing at all. if you can't provide services, then don't mention them.",2026-08-14 00:20:07,
Zepto,Srinivasan Kv,1,worst platform for instant delivery please take my advice and use blinkit or some other platform,2026-08-14 00:09:47,26.8.2
Zepto,Anand Mohan,1,"I shop from Zepto regularly and spend at least ₹5,000–₹7,000 every month. However, I have noticed that the behaviour of some Zepto delivery riders is very poor and unprofessional. Zepto should provide proper training to its riders on how to communicate with customers respectfully and how to provide a smooth and hassle-free delivery experience. The fact that Zepto provides home delivery is a very good service. When a customer orders something online, they are not getting it for free or cheap",2026-08-13 23:53:41,
Zepto,Ombir Singh,5,good,2026-08-13 23:34:50,26.7.6
Zepto,Deep Kantariya,2,too late,2026-08-13 23:26:39,26.7.3
Zepto,jamal khan,3,overall experience is good but sometimes delivered products are not satisfactory,2026-08-13 23:19:22,26.8.2
Zepto,Bishop,1,the app misleads you on the delivery time. on payment money is deducted but shows an error and they say it will come to you bank directly in some working days but I've never recieved the payment. if you observe and watch closely they falsify and mislead the consumer on the delivery time. they show 13 mins but if you go back after 10 mins it still shows 13 or if they wish it shows 12 mins. true they have the lowest costs online but they cheat you on other ways and the fradulent tricks are used,2026-08-13 23:13:11,26.8.2
Zepto,Abhinav vakshlas,1,worst service provider anyone can expect is zepto. always sending rotten vegetables with worst refund and cancellation policy,2026-08-13 23:07:46,26.7.6
Zepto,A Kumar,1,Why is the Zepto app icon not applying the Indian flag like other apps?,2026-08-13 23:06:40,26.8.2
Zepto,Jimmy N,5,nice,2026-08-13 23:01:30,
Zepto,Miral Patel,1,bekar 6e,2026-08-13 22:58:34,26.8.2
Zepto,Anil Khandre,5,good application,2026-08-13 22:57:10,26.8.2
Zepto,Om Prakash,5,so good,2026-08-13 22:52:42,26.8.2
Zepto,Aloknath Datta,1,readability issue. product description is misleading.,2026-08-13 22:47:37,26.7.6
Zepto,Hanuman Garasiya,1,bahut der tak order ni milta he farzi app he koi use mtt kro,2026-08-13 22:40:34,
Zepto,AXINATR,1,poor first impression,2026-08-13 22:38:16,
Zepto,Rakesh Maurya,1,bad service cancel option not open,2026-08-13 22:38:06,26.8.2
Zepto,Mahi,1,"I'm fed up with their customer support services that are of no use , tried so many times to connect with an employee on call but couldn't do it because the app is really not helpful with that . I ordered earphones but they were not working on my phone coz they are not for my phone so I wanted to return but apparently they only offer exchange services!!! What I'm supposed to do now with those earphones which I can't use nor I can return! ughhh",2026-08-13 22:33:47,26.8.2
Zepto,Chandra bhushan Vaidya,5,awesome service,2026-08-13 22:32:24,26.8.2
Zepto,ANKIT GARG,1,ghatiya app . and inki customer service . dudh fata hu bhejte hai fir na replacement karte na refund . yeh ab bhagane wali hai company,2026-08-13 22:29:53,
Zepto,Chakali narendra,5,best app the timing delivery,2026-08-13 22:27:27,26.8.2
Zepto,Jolly yadav,5,good quality,2026-08-13 22:26:17,26.7.6
Zepto,Akash Khatter,1,"Worst customer support ever. Agent Simana Mitra made me wait over an hour, then cancelled my order without my consent. She just said it couldn't be delivered and disconnected without listening. Completely unprofessional and disrespectful. A total waste of my time.",2026-08-13 22:25:26,26.8.2
Zepto,Shafik Pathan,5,very good product,2026-08-13 22:21:28,26.8.2
Zepto,Lex Ronghang,1,never buy electric stuff from this app they send dam stuff always. and can't even refund money,2026-08-13 22:17:26,26.8.2
Zepto,RAM PRASATH,5,super,2026-08-13 22:08:57,26.8.2
Zepto,Umesh Jethava,1,"delivery scammed, product missing",2026-08-13 22:08:03,26.8.2
Zepto,Pankaj Kumar Sharma,1,"The entire system is pathetic, they deliver rotten vegetables and do not accept the mistake. they lie even for 50-60 inr insane support team. beware",2026-08-13 22:04:37,25.8.2
Zepto,Ramila Jethava,1,"today's on 13th August 2026 i order the product, but 1 product is missing from zepto, i raised issue but zepto denied literally scammed doing with me.",2026-08-13 22:03:16,26.8.2
Zepto,Yakanna Chary,5,good service,2026-08-13 22:00:31,26.6.5
Zepto,MAYANK KIDS,5,great job,2026-08-13 21:58:56,26.8.2
Zepto,Abhishek Manglam,1,Some products was missing and the delivery boy says the same but when I complaint about this there was no response and when I gmail about this issue they are simply ignoring that . The worse customer care service I had ever seen . I was the regular customer but from now I will not suggest this app to anyone,2026-08-13 21:56:10,25.10.4
Zepto,Hafsa Urooj,1,always the issue in transaction they'll refund the amount in 7days what's this behaviour zeptoo?,2026-08-13 21:55:35,26.7.3
Zepto,Priyanka Gotarne,5,good aap,2026-08-13 21:50:11,26.7.6
Zepto,Indra Pagidimunthala,5,good,2026-08-13 21:49:28,26.7.6
Zepto,Shee hari Varshan,5,good 👍😊,2026-08-13 21:48:54,26.7.6
Zepto,zan khan,5,Fast delivery good app,2026-08-13 21:47:24,26.8.2
Zepto,Aman Dubey,1,bad experience no transparency,2026-08-13 21:43:55,
Zepto,Star Studio,1,cheater company,2026-08-13 21:42:24,26.8.2
Zepto,Meena Dubey,1,do not take responsibility for missing items,2026-08-13 21:42:12,26.8.2
Zepto,lohith raja,1,"One of the worst Serives i had ever seen, really pathetic Customer service.",2026-08-13 21:33:49,26.8.2
Zepto,Saloni Verma,5,"Hey! Very budget friendly app , and easy to pick up order in few minutes at the doorstep , as for me best for any underlying health emergency!",2026-08-13 21:28:52,26.8.2
Zepto,Chris,1,"JUST BOUGHT A TSHIRT AND HAD TO RETURN IT AS IT LOOKED A VERY POOR QUALITY AND NOT THE BRAND AS MENTIONED.""THE INDIAN GARAGE"".SO WHEN REQUESTING FOR A RETURN THERE IS NO OPTION OF REFUND TO YOUR ORIGINAL PAYMENT MODE..ONLY OPTION IS REFUND TO ZEPTO WALLET..THIS IS A FRAUD COMPANY AND ONE SHOULD THINK TWICE BEFORE PURCHASING ON ZEPTO.. ESPECIALLY IF YOU WANT A REFUND AND YOUR MONEY BACK..ALSO NO CUSTOMER SERVICE SO YOU CAN'T SPEAK TO THEM...I HOPE CONSUMER COURT TAKES A NOTE OF ALL THESE COMPLAIN",2026-08-13 21:23:07,26.8.2
Zepto,Anuj Jaiswal,1,kis baat ka instant market place jab tm ek white kurti nahi de sakte.... shame on your platform,2026-08-13 21:21:04,26.8.2
Zepto,Anmol Penthliya,5,v gooood good service and early,2026-08-13 21:19:07,26.7.6
Zepto,ajit nagaonkar,5,"very good service ,,, free home delivery,, great discount,, love you zepto",2026-08-13 21:15:56,26.8.2
Zepto,Appa Ponnu,5,zepto delivery boys are good service,2026-08-13 21:14:23,26.7.4
Zepto,Pintu Pintu,5,Good. app,2026-08-13 21:02:48,26.8.2
Zepto,SOMSATYA JANA,5,good,2026-08-13 21:01:22,26.8.2
Zepto,Disha Sharma,5,amazing delivery app👍,2026-08-13 21:00:27,26.7.4
Zepto,pratiksha kharvi,1,third class quality provides zepto plz dont buy this platform zepto customer ke sath fraud karta he kharab products bhejke return ka options bhi nahi rakhta plz dont buy this platform. instamart acha platform he itni magajmari nahi he usme plz yaha se koi b products mat purchase karna zepto day by day ghatiya quality deta he customer ko,2026-08-13 21:00:16,
Zepto,Ashish Singh,1,"I had ordered a belt which was exchangeable and returnable but when I wanted to upload a photo for return, App closed as soon as I clicked the photo. While doing this I lost maximum chat.I sent an email but there is no solution. I have never seen such poor management on any other app. No solution. It is just rubbish. I will never use this app again and and I will advise others to never use this bad app.",2026-08-13 20:59:59,
Zepto,Rai Sujal,5,nice App 👍,2026-08-13 20:51:13,26.8.2
Zepto,VEERA BHADRAIAH Kanuru,5,Good service,2026-08-13 20:49:05,26.8.2
Zepto,MOHD ZULFEQAR ALI,5,fast service,2026-08-13 20:45:56,26.8.2
Zepto,sandhya rani Choudhary,1,big cheater in market,2026-08-13 20:43:54,26.8.2
Zepto,Sudeep PM,5,"Awesome app and service, highly appreciate their service",2026-08-13 20:38:02,26.8.2
Zepto,Md Sameer Idrishi,4,this app is actually not bad at all,2026-08-13 20:32:57,
Zepto,Usha Chourasia,5,very Good 👍😊,2026-08-13 20:31:51,26.8.2
Zepto,Romin Sheikh,1,it is not available at my location,2026-08-13 20:29:12,
Zepto,Mayukh Chattaraj,1,Most pathetic e-commerce platform. I received one curdled milk and they outright denied refund replacement or refund against that item. Refrain from ordering anything.,2026-08-13 20:23:59,26.8.2
Zepto,Vivek Gond,4,good work l,2026-08-13 20:22:30,
Zepto,Djboy Av,1,zepto altu phaltu ko rakh leta hai no police verification kisi ko bhi bhej deta hai,2026-08-13 20:14:00,26.8.2
Zepto,Vishvajet Mandal,5,good I m happy to hear from bhggjbhhkjhgd pk,2026-08-13 20:13:47,26.8.2
Zepto,Jagadishwar Dumpala,1,worst app brohhhh I have ordered some groceries and cancelled but my amount was debited automatically and not refunded till now .I have also reported on these issue to respected email but no response.,2026-08-13 20:11:18,26.7.6
Zepto,saravana 27,5,😊 good,2026-08-13 20:10:23,26.8.2
Zepto,Paromita Biswas,1,"pathetic app, I had a gift card of 1000, I bought sd card and after paying the amount with gift card and cash after few minutes they have deducted charges from gift card and send the remaining amount saying product not available. why will you charge amount from the gift card when is your fault, if I pay you less you will not accept that right? why should we accept that inconvenience zepto, if you don't have the product why you keep that in listing? too loot public money??? shameless company",2026-08-13 19:58:17,
Zepto,Avnish Kumar Verma,5,good,2026-08-13 19:52:51,26.8.2
Zepto,Riya Tiwari,5,it very good👍👍👍,2026-08-13 19:48:48,26.8.2
Zepto,Arib,5,Best app for delivering products for instant too good application,2026-08-13 19:46:39,26.8.2
Zepto,Ajay Rungta,1,"Frauds, 1. they add sugar syrup to cut pineapple slices 2. they showed a box of protein bars in pic and the title of the item read as protein bars , but delivered only single bar and didn't give refund. 3. they said in the dates description 250g 250g but delivered only 1 packet. when asked the delivery guy he told to reach out to customer care. when I reached out to customer care , they just delivered as per order. I am gonna drag their fraudulent practices to legal forums and social media.",2026-08-13 19:44:22,26.8.2
Zepto,Animesh Bhadoriya,1,on my opinion I would rate this app 0 ⭐ star as they are not issuing my refund of missing item and damaged one. I am very disappointed with the service they have provided at back-end,2026-08-13 19:43:47,26.8.2
Zepto,pratik pancholi,2,whenever I open map to track my order or to add an address app shuts down by it self.,2026-08-13 19:40:28,26.8.2
Zepto,Mohd shakil Khan,5,"good service,fresh and clean products",2026-08-13 19:39:17,26.8.2
Zepto,JAY PRAKASH,5,Very Nice Service App.👍Thank You So Much Zepto Grocery Partner And Team.🙏,2026-08-13 19:35:28,26.8.2
Zepto,Shilpa Bhandari,5,good,2026-08-13 19:32:49,26.8.2
Zepto,Raghav jha,1,very fast delivery service but very poor quality of commodities especially tender coconut. they deliberately deliver coconut having extremely low quality of coconut water inside.,2026-08-13 19:25:48,26.7.6
Zepto,rajarshi swarnkar,1,"Not good for ordering clothes or anything, everything comes open and damaged if you chat or complain they'll tell this is not in our policy Other apps like blinkit they'll always send properly packed",2026-08-13 19:08:20,26.8.2
Zepto,suraj gupta,1,They send damaged products and do not return them.,2026-08-13 19:02:23,26.8.2
Zepto,Netha jii,1,"The fruits delivered by Zepto were very disappointing. Most of them were raw, not ready to eat, and several were damaged. The overall quality was poor and not worth the money. Please improve the quality checking and packing before delivery.",2026-08-13 18:48:03,26.7.6
Zepto,Vicky Gupta,5,timely,2026-08-13 18:39:06,26.7.6
Zepto,Yash Gola,1,🤮🤢,2026-08-13 18:35:21,
Zepto,Aniket Wadaskar,1,"Worst experience. Some items were missing from my order, and despite contacting the team multiple times, no one has been able to resolve my issue. Very disappointing customer service.",2026-08-13 18:30:57,26.8.2
Zepto,Rajesh Sharma,5,look into location maping,2026-08-13 18:19:41,26.8.2
Zepto,Raji Natarajan,5,Good service,2026-08-13 18:17:41,26.8.2
Zepto,Siddharaj Parmar,5,good service,2026-08-13 18:10:22,26.7.4
Zepto,Ranjit Chowdhury,5,mujhe chawal return karna hai,2026-08-13 18:09:09,26.7.4
Zepto,Bansi Meena,1,I order in daily basis and most of the time I order milk which I got expired and if that was not expired it was not stores properly because of that I get food posing and when I got o customer support thay say we can't do anything wort now I will order from other app,2026-08-13 18:08:22,26.8.2
Zepto,Nirmala Nirmala,5,Nice,2026-08-13 17:58:49,26.8.2
Zepto,varun Prabhas,1,"some delivery partners are pathetic, they pick the order and go roaming instead of delivering it and zepto totally lost control on this kindly of incidents.",2026-08-13 17:57:58,26.8.2
Zepto,Rutvik Jathar,5,very good,2026-08-13 17:52:38,26.8.2
Zepto,Purvanshi Ranga,1,I ordered a Garnier face cream but I received a damaged product and applied for a return but the rider didn't accepted my return and went away they think they can scam us . this is a very bad experience zepto,2026-08-13 17:52:24,26.7.3
Zepto,MD pasha MD pasha,5,good,2026-08-13 17:47:19,26.7.6
Zepto,Vindhya,1,waste app,2026-08-13 17:41:44,25.12.5
Zepto,Subhadeep Dey,1,"Since version 25.8.4, why the heck have you removed all the notification channels and pushing all the promotional as well as delivery-related notifications in a single channel called ""Default?!"" If I disable that channel completely, I'd miss out on delivery-related notifications! Also, every time I upload a picture using the Camera option, the app crashes and doesn't upload the media. It's so infuriating! Further, option to apply coupons no longer comes. Fix it.",2026-08-13 17:40:23,26.7.6
Zepto,Vikash,5,good service,2026-08-13 17:40:17,26.8.2
Zepto,gaurav kumar,5,very good oil,2026-08-13 17:39:36,26.7.6
Zepto,Ajeet Thapa,5,good,2026-08-13 17:39:27,26.7.6
Zepto,virendra trivedi,5,well behaved staff and good quality,2026-08-13 17:34:50,26.8.2
Zepto,Shalini Bhand,1,Worst app to order any groceries. Something have changed almost every now or then there is some issue even with the packed product. Their support model is so bad that there is no scope to return the product if there are quality issues. For every quality issue an email has to be sent. In email even if we include the pictures highlighting the quality concern they will keep repeating that seller had verified the quality before dispatch and do nothing on it. Very disappointing and pathetic support,2026-08-13 17:32:44,26.8.2
Zepto,Pankaj Girdhar,2,"the search functionality seems to have been compromised as now the search for White Bread results in nothing and so is other search results. Didn't expect this from an app like Zepto, app experience has gone worse now",2026-08-13 17:21:35,24.6.2
Zepto,Kiran Soni,5,good,2026-08-13 17:21:19,26.8.2
Zepto,Samibinsulaiman Samiarab,5,zepto is best way to order if need anything fast...best option ever and delivery packaging also good,2026-08-13 17:18:43,26.8.2
Zepto,mangali lokesh (#Lokesh),5,good,2026-08-13 16:57:44,26.8.2
Zepto,Vipul Kumar,1,very bad delivery excutive and customer care,2026-08-13 16:55:10,26.8.2
Zepto,Rehan Shaikh,1,jo apka product atta hai tumare gharpe expire ya bekar sada hota hai meh zepto mein hee kaam karta hoo sabse best Swiggy hai ye zepto chor hai please safe and healthy life zepto are bad for your health,2026-08-13 16:47:00,
Zepto,Arsh Khan,5,This app is really good for my tipe of lazy person 😂,2026-08-13 16:19:47,26.8.2
Zepto,Shaik Arshad,5,"vere apps tho poluchukunte chala beter zepto,fast delivery,and best prizes,fast refund,the best app 👍",2026-08-13 16:19:38,26.8.2
Zepto,jatin patel,5,great,2026-08-13 16:17:38,
Zepto,RZ Begum,5,good,2026-08-13 16:12:30,26.8.2
Zepto,K. P. Subha sri,3,ice cream not given spoon,2026-08-13 15:58:31,25.8.2
Zepto,Rohith Kumar,1,good,2026-08-13 15:57:45,26.8.2
Zepto,Rahul Kharaiya,5,good,2026-08-13 15:57:33,26.8.2
Zepto,PAWAN KUMAR,5,good,2026-08-13 15:48:12,26.7.6
Zepto,AARYA GAVAS,5,very good app l like it such super app,2026-08-13 15:44:45,
Zepto,Sontosh,5,good,2026-08-13 15:39:24,26.6.4
Zepto,Umme Saniya Shaikh,5,very good 👍👍👍👍👍,2026-08-13 15:36:20,26.7.6
Zepto,Afsha Fatima,5,thank god,2026-08-13 15:23:16,26.8.2
Zepto,Brijesh lee,2,"you should give covers or bags on every order, this is a very bad experience because anyone does not show items outside. please do something about it. zepto please learn from Swiggy how to give items covered, zepto have zero manners in this.",2026-08-13 15:11:46,26.7.6
Zepto,Tasmiya Kouser,5,happy to usee,2026-08-13 15:00:35,26.8.2
Zepto,Isha Gupta,1,"Absolutely terrible experience. I ordered an umbrella which broke on its very first use the next morning—the spring completely popped out of the mechanism, proving it was a cheap, third-class defective item. When I tried to reach out via the in-app chat to get it resolved, the support representative blocked/closed my chat session abruptly without providing any solution! Now they are hiding behind their ""24-hour return policy.""",2026-08-13 14:58:22,26.7.2
Zepto,RAJA G,1,"unfortunately, we don't have Zero star rating here. There is no way to reach out to the helpdesk for payment related issues. we cannot always live with canned phrases using digital assistant or AI",2026-08-13 14:57:04,26.8.2
Zepto,Nohack Rucksack,3,The cart is either unserviceable or there's payment related issues now these days. Earlier the app was much smoother and service better.,2026-08-13 14:34:26,
Zepto,Jamsed Ali,5,nice product and fast delivery,2026-08-13 14:18:29,26.7.6
Zepto,Ruksana Uchu,3,"Guys put a indication in cart that we became part of the contest, I put sensodyne products worth 500 in cart and there is no indication i became part of it, how do I proceed to payment when the anxiety kicks in?",2026-08-13 14:16:52,26.8.2
Zepto,gomathi mc,5,Good service,2026-08-13 14:06:58,
Zepto,Sara Surve,2,items are delivered quickly but there is payment issues happening and payment failed money is also not refunded,2026-08-13 13:53:58,26.7.6
Zepto,Zainab Khan,5,good 😊,2026-08-13 13:53:04,26.7.6
Zepto,Omprakash Baghel,1,very bad service delivery partner take my prepaid order and on complaint help care center kuch kr bhi nhi paa raha,2026-08-13 13:52:01,26.5.3
Zepto,Armaan Ansari,1,zepto has started scamming now it shows 7 minutes when I'm about to place an order and post order it shows 30 minutes. this has happened more then 10 times. scammers I will delete your app.,2026-08-13 13:48:08,
Zepto,Sumaitri Shikha,1,"I ordered a samosa that was missing from my delivery, but Zepto denied my refund despite repeated complaints through the app, email, and Play Store. I received the same response every time. This experience has completely disappointed me, and I am leaving the Zepto platform permanently. I’m sharing this so other customers are aware of my experience.",2026-08-13 13:45:59,26.7.6
Zepto,Sameer Sameer,5,good,2026-08-13 13:23:09,26.7.6
Zepto,Akash Singh,5,ok,2026-08-13 13:20:50,26.7.6
Zepto,Rajendra Chouhan,5,"very nice & quality is also good,plz maintain consistency",2026-08-13 13:20:01,26.7.4
Zepto,Ajay ram,5,good 💯,2026-08-13 13:11:14,26.8.2
Zepto,Soumya Macha,2,worst customer support ever I requested for return of product they didn't even responded anything yet,2026-08-13 13:10:30,26.8.2
Zepto,Rubi Yadav,1,pagal app haa c,2026-08-13 13:08:09,26.8.2
Zepto,Priya,5,good 👍,2026-08-13 13:07:10,26.8.2
Zepto,Swetha Ganta,1,easy to effort everything from zepto,2026-08-13 13:01:35,26.8.2
Zepto,Bala murali krishna kumar Pitla,1,fraud company after making payment unable to deliver the products atleast to wallet also they didn't,2026-08-13 12:55:01,
Zepto,sushma enjamuri,5,anjeer fruit didn't taste good and rotten..,2026-08-13 12:52:52,26.8.2
Zepto,Rohini Kharwade,1,worst experience ever i order some lipstick from zepto the took time 30 min to deliver my order I'll cancel my order...... then they said your money can return on 7 days it's bin 1 moth I did not receive my money back,2026-08-13 12:52:43,26.8.2
Zepto,Damini Baijal,1,"worst app. They have AI agents in customer service which don't know what they are saying. I have not received product which was expensive, there AI agent is saying to mail, worst experience. I would recommend to not use this app. This app is absolutely useless.",2026-08-13 12:51:25,26.8.2
Zepto,Ratikanta Maharana,5,good,2026-08-13 12:50:00,26.8.2
Zepto,Divya Aggarwal,1,"worst experience,app takes order by online payment and later cancel itself and says money will be refunded within 7 days , fooling people by taking fake orders to get money",2026-08-13 12:31:26,
Zepto,Sripati Sahu,1,"I have a very bad experience from this company I order a product and return it due to a technical issue in product and company don't refund to bank account they send amount to zepto wallet and make it compulsion to use it on their application customer be aware don't waste your valuable money don't order any electronic products like speakers,bt pods , mobile,tab , trimmers ,etc",2026-08-13 12:21:11,
Zepto,Pritesh Majvelkar,4,good,2026-08-13 12:17:08,26.8.2
Zepto,Rajendar Verma,5,good👍,2026-08-13 12:10:35,26.7.3
Zepto,Rajesh Rajpuriya,5,good,2026-08-13 12:07:55,26.8.2
Zepto,Ashish singh,1,"Ordered a Wonderchef pan from Zepto. It arrived in a broken, dirty box, and the pan itself was damaged and popped up in the middle—not flat at all. I raised a return request, but the delivery person refused to take it back because the package wasn’t in good condition. That’s exactly how I received it! How am I supposed to return it in better condition? This is Zepto’s packaging/delivery fault. Please take responsibility and arrange the return. Very disappointed with Zepto.",2026-08-13 11:58:18,26.7.6
Zepto,Sneha Suryawanshi,1,Now a days they are doing fraud on daily basis. there delivery partners are taking items from the order having support from entire zepto team for this,2026-08-13 11:48:40,26.5.3
Zepto,MD Shahzada Khan,1,"essential items are out of stock like curd, milk, and other stuff and majority of time showing items is not deliverable due to high demand and mainly these isssues are coming recent days",2026-08-13 11:46:53,
Zepto,Arjun Shetty,1,"Very poor service. We received rotten bananas and immediately raised a complaint with photos as proof. However, the response was that the issue could not be validated, and our refund was denied. This is extremely disappointing and shows a lack of concern for customers. I would not recommend this app.",2026-08-13 11:46:39,
Zepto,Sekhar Reddy,3,good,2026-08-13 11:42:09,26.8.2
Zepto,Khushi Kumari,5,nice,2026-08-13 11:40:31,26.8.2
Zepto,RAJBHAR GOVIND,5,good 👍,2026-08-13 11:39:43,26.8.2
Zepto,Suman Jaiswal,5,"Best price with free delivery combo, impossible elsewhere. Hope this continues forever",2026-08-13 11:32:34,26.7.6
Zepto,Sweta Rai,1,Very much dishearten by this app it was my first time using it. The delivery partner reached my location but did not come up to my floor. I tried calling him but my calls were forwarded many times. Atleast the delivery partner could come up to my floor and Inquired about my flat number? but he didn't do so. It's his responsibility to do that right???? and he automatically canceled my order without calling me . What if the product I needed was of emergency use? it would be a problem. very bad,2026-08-13 11:30:51,26.8.2
Zepto,Ritu Khatri,1,one of the pathetic experience from delivery boy arrogant rude and annoying  if you keep such delivery boys we ll stop ordering from you this might be our last order,2026-08-13 11:27:09,26.7.6
Zepto,Manjunath K.S,5,"I got the shipment within 5 minutes. Good service, nice behaviour of the delivery partner.",2026-08-13 11:24:58,26.8.2
Zepto,Sunil Shah,1,"Third Grade Company. Cheaters of the world. Do not install this app. Company runs on our money. Canceled order without my consent & refund after 5 to 7 days? Why? If you can't serve, shut down your shop. I'm feeling sorry that Google doesn't have a negative star rating. otherwise, I would have given Negative Star. I shared & sent chain of mails, but your bots respond to mails. No satisfaction with email reply as well. They also lied on mail that they try to connect me via call.",2026-08-13 11:14:53,26.8.2
Zepto,Karan Shah,2,"in the update version, voucher or code option are withdrawn from the app ,why? pls fixed this issue...?",2026-08-13 11:12:01,26.8.2
Zepto,Mukesh Dabhade,5,bahut acchi hai kam ki chij Hai aapko kuchh bhi chahie to 5 minut mein Mil jata Hai,2026-08-13 11:12:00,26.7.6
Zepto,Govind Swamy,1,"worst app, they are cheating costomers the products will be missing and they won't respond to it, while the fruits sent will be raw",2026-08-13 11:11:46,26.7.4
Zepto,Juveeka S,1,"There is nothing in the name of help and support in this, it is very dangerous, here we cannot complain anywhere, just chat, chat, the problem is not solved by chat",2026-08-13 11:07:36,26.8.2
Zepto,Sai Sankar Adusumilli,1,ordering items delivered in a polythene bag which was already torn due to items,2026-08-13 11:03:01,26.8.2
Zepto,Saakshi Maggu,1,they call it a quality product ! on news when we see the way things are stored at zepto store is a harsh reality believe it or not .... I m getting vegetables full of worms and upon raising concerns they say that's not a problem and we assure you by following quality standards.... eating worms is normal? or does anybody asked for it?,2026-08-13 11:01:04,
Zepto,Lokesh Lokesh,5,super,2026-08-13 10:53:07,26.8.2
Zepto,Aliha Shaikh,5,good,2026-08-13 10:41:19,26.7.4
Zepto,vijay negi,1,time waste,2026-08-13 10:39:12,26.7.6
Zepto,Rakesh Kumar Srivastava,2,Very poor service and reply on chat given by Zepto today,2026-08-13 10:26:32,26.8.2
Zepto,subrat kumar padhi,5,super service,2026-08-13 10:23:31,26.6.5
Zepto,Parth Chaudhri,1,not available in my location from 3 years I have to travel 4 km to order & receive the order that location 🐍,2026-08-13 10:18:22,26.8.2
Zepto,Gaurav Sharma,1,"they give spoiled fruits and vegetables also they won't refund on a mail too , they reply with an automated response, what if we got sick after eating those fungus, will you guys be responsible for this? despite of ordering 2k₹ of rationing they denied return of spoiled and expired items",2026-08-13 10:09:38,26.8.2
Zepto,Jyoti Thapa,5,supab hai,2026-08-13 10:01:13,26.8.2
Zepto,RAVI KUMAR BURRA,5,good,2026-08-13 09:50:48,24.10.5
Zepto,Yash Patel,5,nice,2026-08-13 09:50:15,26.7.6
Zepto,SUSHANT JADHAV,1,worst,2026-08-13 09:42:46,26.8.2
Zepto,Binoy Mathai,5,Efficient platform,2026-08-13 09:38:18,26.7.3
Zepto,LORD GANESHA,3,CASH ON DELIVERY IS NOT AVAILABLE,2026-08-13 09:37:47,26.3.5
Zepto,Anurag Dutta,2,"Recently, the majority of my orders have arrived with missing items, which defeats the purpose of a quick delivery service. To make matters worse, the app does not offer a Cash on Delivery (COD) option. Since I am forced to pay digitally upfront. The delivery speed is good, but the overall reliability is highly frustrating. I will not be using this app frequently until they fix their inventory accuracy and bring back COD.",2026-08-13 09:34:38,
Zepto,Mahendran S,1,The super worst company.,2026-08-13 09:01:39,26.8.2
Zepto,Ancilla Fernandes,1,Its been 3 days and it's been reflecting under maintenance for my location,2026-08-13 08:56:07,
Zepto,Pushpalatha Dumpala,5,zepto is excellent service,2026-08-13 08:47:27,26.8.2
Zepto,SHUBHAM PANDEY,5,nice,2026-08-13 08:36:47,26.7.4
Zepto,nigar malik,1,this app is worst they deliver expiry product and never refund on app keep chatting n harrassing on mail fr ur own amount for unheigin product ice cream deliver full melt n like juice inside n aftr complaint keep on denying....last u give up n delete the app,2026-08-13 08:32:00,26.7.6
Zepto,nrusingh mahapatra,1,very bad experience,2026-08-13 08:20:52,26.8.2
Zepto,Divyansh Tiwari,1,no offers and flat fees charged even though ordered of any amount,2026-08-13 08:13:49,26.8.2
Zepto,sudheer yadav,5,good platform,2026-08-13 08:09:27,26.8.2
Zepto,Namita Banerjee,1,"horrible vegetables, and no return, no after help",2026-08-13 08:08:58,26.7.6
Zepto,Michael Khuman,1,"worst service ever, it took 40 complete minutes",2026-08-13 08:08:52,26.8.2
Zepto,Naga Pri ce,5,nice,2026-08-13 08:05:42,26.7.6
Zepto,maruthi nayaka h,1,pathetic service by customer support. received damaged products and the same thing escalated but they did not provide a satisfactory solution and I am going to uninstall this app please don't download this blindly,2026-08-13 08:04:51,26.7.6
Zepto,RanjeeT kT,1,"I ordered a 10 kg Aata bag in evening, it is teared bag so delivery boy request me kindly make it return, I request to return on the app but company return pick-up boy refuse to pick and cancel pickup, next day morning what I see that pick cancel your return was pickup on same day, so they don't give me return or exchange option. so Never order or install this app.",2026-08-13 07:40:28,26.8.2
Zepto,Dr iqra lone,1,"im using zepto from 4 years now, but yesterday they send me broken sealed almond milk and expired as well, I contacted zeptp but there Ai customer service is dumb , no response except saying sorry, I emailed zepto with video and photo still no response, please don't trust zepto now onwards, and when I order it showed its eligible for return and replacement , and I was asking replacement",2026-08-13 07:29:02,26.8.2
Zepto,Sanny Nagar,1,very bad service zepto delivered completely smashed and rotten egg for order#TUVPRGZYM89880. customer support is useless blocking refund using automation chat tickets loop no human manager is reviewing the case,2026-08-13 07:20:48,
Zepto,Neha Tambe,3,no benefit option of offers,2026-08-13 07:14:46,26.8.2
Zepto,Pujamoni Ghosh,5,just amezing Thank you zepto😊,2026-08-13 07:13:08,26.7.3
Zepto,Reflexion sur soi,1,missing items no option to contact and not replying through mails... pathetic they are replying to everyone with cut copy paste,2026-08-13 07:10:41,
Zepto,RAHUL SINGH,3,when we need urgent it's always too late,2026-08-13 07:03:30,26.8.2
Zepto,SMIT TOOLS,5,fast delivery,2026-08-13 06:33:30,26.8.2
Zepto,Hwa Gun,2,"Zepto's customer service is very bad. They don't refund or replace the customer without listening to them or giving any proof. I brought the product, it was damaged, I gave the image and all the other proofs. But even after that they did not replace it and say that the product was Okayy when it was being delivered, give proof that it was to the customer only before delivering it. such a bad customer service please don't use.",2026-08-13 06:12:02,26.6.1
Zepto,Jaihind Rao,5,super,2026-08-13 05:57:02,26.8.2
Zepto,King Khan,1,"bad zepto,, it takes money and do not delievry the items",2026-08-13 05:42:10,26.8.2
Zepto,Subir lal Mukherjee,3,first time order ol o exprience,2026-08-13 03:52:56,26.8.2
Zepto,muzamil mak,5,Good,2026-08-13 03:06:16,26.7.6
Zepto,Ayesha Khan,1,fast delivery app,2026-08-13 02:28:15,26.8.2
Zepto,Aaditay Panday,1,40 minutes delay and delivery partner not attending call,2026-08-13 02:08:21,26.7.6
Zepto,Misty Saini18,5,good,2026-08-13 02:07:21,26.8.2
Zepto,Vrushabh Hiremath,4,good,2026-08-13 01:54:10,26.7.6
Zepto,Arun Kumar Vikky,1,zepto delivery not good product rate very hi flipkart 6 minute and insta Mart offers and rate comfortable for product thank you 🙏,2026-08-13 01:47:25,26.7.1
Zepto,Pradeep Gurjar 6375,5,good,2026-08-13 01:33:00,26.8.2
Zepto,Chandu,1,this is worst when it comes to support and delivery.,2026-08-13 01:14:02,26.8.2
Zepto,Swadhin Biswal,1,such a wrost app,2026-08-13 01:09:47,
Zepto,Nitesh Mehar,5,good,2026-08-13 01:09:41,26.8.2
Zepto,SHAHBAZ ALAM,1,No service in Ranchi Jharkhand,2026-08-13 01:02:57,
Zepto,Rachit Dwivedi,1,time pe delivery milti nhi hai aur kabhi kabhi order karne ke baad ye phone karke bolte hai ki aur apka item outoff stuck ho gaya hai....... isse sahi blinkit hai,2026-08-13 01:02:32,26.8.2
Zepto,Akanksha Pasi,5,zepto best💯👌👍,2026-08-13 01:00:16,26.7.1
Zepto,Manan Jain,1,"3rd class delivery showing 7 min but till 30min no update, no option for cancel order, no customer service only a dumb ai repeating same sentence and extending the time",2026-08-13 00:56:16,26.8.2
Zepto,Sadiq Pasha,5,good 👍😊,2026-08-13 00:52:58,26.8.2
Zepto,R D,1,"Zepto should learn from Big Basket and Blinkit. Horrible treatment and experience. They make you feel like a fraud for their own mistakes. i suggest sticking to better, honest and more experienced platforms like Bigbasket, Amazon now and Blinkit. And Zepto should learn what customer satisfaction and delight is.",2026-08-13 00:43:21,24.6.2
Zepto,tes testy,1,Their products are fresh and the customer service is terrible,2026-08-13 00:41:17,26.8.2
Zepto,VS gaming,1,this is the worst app i had ever used in my life,2026-08-13 00:37:36,26.8.2
Zepto,Anil kishansingh,1,"my order is too much late,and delivered my order",2026-08-13 00:30:58,25.6.4
Zepto,Uttam Singh,1,"fraud multiple times , packed regular fruits in premium packages",2026-08-13 00:27:41,26.7.4
Zepto,Nandini Nandini,5,very nice 👌,2026-08-13 00:26:47,26.8.2
Zepto,Anubrota De,5,offers free delivery at 49 rupees only during night.. great packaging of all items and best quality..thank you,2026-08-13 00:26:18,26.7.6
Zepto,Kaveri Ghodke,5,nice app,2026-08-13 00:18:44,26.7.1
Zepto,Preeti Patel,5,👍,2026-08-13 00:14:29,26.7.6
Zepto,Abhijit Saikia,1,Unhygienic zepto. You are so disgusting. Didn't expect this.,2026-08-13 00:06:12,26.8.2
Zepto,bilal ansari,1,"Ordered 4 items but only got three, This was very upsetting as i was hungry, Plus order was late.",2026-08-12 23:59:36,26.8.2
Zepto,anugrah panwar,1,Daily late orders. if you order cash on delivery the delivery time will change continuously,2026-08-12 23:56:53,26.8.2
Zepto,kashif rizvi,5,bole to ekdum jhakaas 👌 service & product,2026-08-12 23:55:35,26.8.2
Zepto,Koushik Mukherjee,4,Good but not available in Durgapur,2026-08-12 23:51:54,
Zepto,Imran Pasha,5,very good app lacks of offers in it,2026-08-12 23:51:05,26.8.2
Zepto,Amaan Siddiqui,1,very bad,2026-08-12 23:43:44,
Zepto,Biju Kumar,1,Nowadays Zepto not selling quality fruits. They send stale and rotten products. How can we get replacement or return or refund the amount. No customer care support number for zepto. They are not replying for Emails,2026-08-12 23:34:37,26.8.2
Zepto,Joheb Sheikh,1,poor customer support. its only a Chat Bot!!! Insted use other Applications they have good customer support,2026-08-12 23:23:51,26.7.4
Zepto,Sapna Dubey,5,fast delivery,2026-08-12 23:19:21,26.8.2
Zepto,Archana Anu,5,superb,2026-08-12 23:18:33,26.8.2
Zepto,UNGAL ASHRAF,1,very bad,2026-08-12 23:03:39,26.8.2
Zepto,Rajendra Chatur,1,Bad App They sell Poor Quality Products and cant returns the order and cant refunds do not use this app,2026-08-12 23:02:42,25.6.2
Zepto,Harsh Vardhan Singh,2,App crashes as soon as I click on the map to see the delivery partner's location. Even after updating the app the problem still exists.,2026-08-12 23:01:47,26.8.2
Zepto,Rinoj Yohannan,1,very bad experience,2026-08-12 23:01:05,26.8.2
Zepto,Yachika Bhagat,1,unable to fill my referral code my friend shared me referral code but its showing redemption failed,2026-08-12 22:56:00,26.8.2
Zepto,Nazir Ali,4,good 👍,2026-08-12 22:54:46,26.8.2
Zepto,Saval Kumar,5,price ke hisab se bhut acha hai,2026-08-12 22:54:06,26.8.2
Zepto,JOYETA SARKAR,1,"The customer service is bad, the delivery boys are not responsible",2026-08-12 22:51:43,26.8.2
Zepto,Sameer Yadav,5,Gooo,2026-08-12 22:50:13,26.8.2
Zepto,Sosheel Tripathi,1,"I am a regular Zepto customer, and usually, it doesn't show an extra fee. But since last week, they've added an extra handling fee of ₹40 and GST charges as well. I think Zepto needs to reconsider this. It's not a good practice, and customers will move to other platforms",2026-08-12 22:48:40,26.8.2
Zepto,mohan reddy,1,worst app,2026-08-12 22:45:50,26.7.2
Zepto,Brij Kant,5,very good,2026-08-12 22:45:38,26.8.2
Zepto,Neeta Landge,1,worst app ..did't receive my order and delivery boy marked delivered..there is no proper customer service..all customer service msg are replyed by AI and when try to connect to delivery boy he is disconnecting the call.. he try to call on another number its saying entered wrong no ..don't know whom to contact for the order,2026-08-12 22:44:40,26.8.2
Zepto,Abinaya S. T,5,good,2026-08-12 22:41:25,26.7.2
Zepto,Jahnavi,1,"It has the worst issue resolution, and it fails to understand the issues faced by the customer. I ordered a belt but selected the wrong size. Once it arrived, I put up a replacement request. It came within 20 minutes, and guess what—they gave me the exact same size they had given before. I used to feel this was the best app for instant delivery. Turns out to be the worst. Successfully wasted my money.",2026-08-12 22:35:50,26.5.3
Zepto,vishesh chanana,1,Unprofessional and unreliable application.,2026-08-12 22:35:42,26.8.2
Zepto,Gauurav Sharma,5,very good app for home delivery,2026-08-12 22:35:24,26.6.5
Zepto,Gokul Amuthan.S,1,"The app is okay, but the delivery partner are getting more rude and worst nowadays especially in Chennai, Bangalore is far better. Zepto is should take actions or soon people will switch.",2026-08-12 22:34:39,26.8.2
Zepto,raj kumar,1,why you will give wrong product and your customer support is 0 and working you team. is worng Direction (I have shared you customer support but they don't help me) after I am complain in consumer helpline Jago grahak Jago then they are returned my money worst experiencio customer support,2026-08-12 22:34:19,26.7.6
Zepto,aditya mohite,5,good,2026-08-12 22:33:29,26.7.6
Zepto,Srikanth P,5,400 good,2026-08-12 22:31:03,26.8.2
Zepto,ashok kumar,1,werest expirence totaly dameged items,2026-08-12 22:30:22,26.8.2
Zepto,Aayush Sharma,1,They sent me an open and used bottle of Vicks and have no accountability over it. No support on the app as well as their email.,2026-08-12 22:25:49,26.6.5
Zepto,Jyoti Yadav,1,"Very disappointing experience with Zepto. I ordered 500 g peanuts worth ₹95, but after opening the pack, I found insects inside the product. This is a serious food-safety and quality issue. I immediately contacted customer support, but unfortunately Zepto is refusing to provide a return or refund. For a food product that arrived contaminated with insects, this response is extremely disappointing. Customers should not have to compromise on basic food safety. I will never order from Zepto again",2026-08-12 22:25:41,26.8.2
Zepto,prathamesh hemji,5,good,2026-08-12 22:15:41,26.7.6
Zepto,Maninder Sharma,1,They delivered us expired stale verka kheer very bad service,2026-08-12 22:12:29,26.8.2
Zepto,Fraz Ahmed,5,nice,2026-08-12 22:04:37,26.7.4
Zepto,Ramphool chouhan,1,"Very disappointed with Zepto’s service. I ordered Uttam Sugar Sulphurless Sugar but received a different brand. I also raised a complaint regarding Amul Taaza Toned Fresh Milk, but my refund was rejected based only on delivery images. Despite multiple complaints, I did not receive a satisfactory resolution. Very poor customer service and complaint handling. I will not use Zepto again.",2026-08-12 22:01:17,26.7.6
Zepto,Tamanna Malik 03,1,"⭐ 1/5 Very disappointing experience. I placed an order because I needed the items urgently, but I have been waiting for more than an hour. The app keeps showing the same automated message that my order will arrive in “2 minutes,” but nothing happens. The worst part is that I am not even able to cancel the order, and customer support keeps giving the same automated response instead of connecting me to a real person. I have already contacted support through the app and even sent an email, but th",2026-08-12 22:00:12,26.8.2
Zepto,Bharanidharan B,5,good,2026-08-12 21:55:21,26.8.2
Zepto,Satyendra Rawat,1,zepto service is very poor service plz not order by zepto very disappoint service not listen customer problem very very disappoint use other app but not use zepto,2026-08-12 21:49:25,26.8.2
Zepto,Sumeson Oinam,1,"The help section is useless. i got damaged goods so i selected it. it asked for a photo after i click one, the apps either freeze or restarts. tried multiple times",2026-08-12 21:49:22,26.8.2
Zepto,Komal Khatik,5,Good Service 👍,2026-08-12 21:49:16,26.5.3
Zepto,Shashi Khali,5,goooood,2026-08-12 21:45:43,26.8.2
Zepto,Sourav Tiwari,1,They don't care about their customers they are a scam and just making a fool of their customer. They don't reply to emails and their customer support is awful,2026-08-12 21:45:42,26.7.6
Zepto,Johnson Paul,1,Zepto please correct your map. It doesn't show the right location of the building to your rider.,2026-08-12 21:45:14,26.7.6
Zepto,esther hmar,2,so many time missing item,2026-08-12 21:45:08,26.7.4
Zepto,Anjani Kumari,5,nice,2026-08-12 21:44:03,26.7.4
Zepto,Hasim,1,customer support is too bad,2026-08-12 21:43:16,26.8.2
Zepto,Naincy,5,good quality 👍🏻,2026-08-12 21:33:43,26.8.2
Zepto,Mansur Khan,5,good 👍,2026-08-12 21:25:48,26.7.6
Zepto,Rakhi Rani,5,nice 🙂🙂,2026-08-12 21:21:13,26.8.2
Zepto,zabi ulla,1,zepto is taking handling fees 40 rupees now,2026-08-12 21:09:03,26.4.6
Zepto,Atlys Overseas,1,very bad experience,2026-08-12 21:04:14,26.8.2
Zepto,deepti singh,1,zepto deteriorating product quality day by day.. they don't work on feedback. they deliver STALE products. bad smelly and rotten food items. don't play with your health guys... I truly believe they have the worst and most pathetic storage system.. they keep inventory for a long time and deliver the stale food items... compare their quality with blinkit.. fast service doesn't mean you are allowed to deliver the worst quality of eatables. Pathetic I must say.. I had enough now no more orders now,2026-08-12 20:59:34,
Zepto,Yash Kumar,1,zepto is frod my products is missing but money is not refund,2026-08-12 20:57:53,26.8.2
Zepto,Devaraj R,4,the 5050 alone the test is not nice cucumber having less quantity remaining all good 👍😊,2026-08-12 20:55:02,26.7.6
Zepto,Jama Chakma,5,nice,2026-08-12 20:44:57,26.7.6
Zepto,Abhishek,5,good 👍 platform,2026-08-12 20:44:17,26.7.6
Zepto,Shilpashreya,1,the app don't have Manner's,2026-08-12 20:40:33,
Zepto,MAHAMMAD MASOOD MUSTAFA,5,❤️❤️❤️,2026-08-12 20:34:39,26.4.4
Zepto,mangesh rane,1,There is no customer service response,2026-08-12 20:33:34,24.1.5
Zepto,Yo Veer,4,good except few glitches in items availability,2026-08-12 20:31:27,26.8.2
Zepto,ᴀɴɪʀʙᴀɴ,5,Good,2026-08-12 20:25:46,26.8.2
Zepto,mukunda meta,5,fast delivery,2026-08-12 20:21:58,26.8.2
Zepto,Jyothi Kavale,5,fastest delhivery,2026-08-12 20:21:58,26.7.4
Zepto,"Ravendra R, K",5,good 👍👍👍,2026-08-12 20:20:17,26.8.2
Zepto,Diya Shah,1,No service. order gets cancelled on their will & refund after 5 to 7 days. Don't download this app. Better buy from local shops. Negative star rating from me.,2026-08-12 20:16:37,26.7.4
Zepto,GAMIT PRAJESH KANAIYA BHAI,5,good work,2026-08-12 20:15:57,26.7.6
Zepto,Shamina Sheikh,5,nice,2026-08-12 20:14:09,26.8.2
Zepto,Riyan Khan,5,great,2026-08-12 20:10:37,26.8.2
Zepto,PRAKASH NARAYAN NAIK,5,5 stars 🤩 For Free delivery,2026-08-12 20:09:49,26.7.6
Zepto,Vinayak Pandit,5,you are best 💗,2026-08-12 20:05:57,26.7.6
Zepto,Shifa Saifi,2,well for fast delivery and everything is available on zepto but it's ok for 1st order after that they apply condition like you can order with free delivery when you order 49 + after that it will be 99+ this condition is not good otherwise well for product and delivery,2026-08-12 20:03:40,26.8.2
Zepto,Riya shrivastav,5,good 👍,2026-08-12 20:01:54,26.8.2
Zepto,Sadaf Khan,1,L app dont download plz looser app they are scammers,2026-08-12 19:59:31,26.8.2
Zepto,Sneha biju Thazhathel,1,"after giving me 5 torn or opened product when I raised my problem with proof this is the response No one should install this app waste of 💰 We the condition of the item delivered. We’ve carefully reviewed the delivery images associated with your order and can confirm that the product was handed over in intact condition. Based on this verification, we regret to inform you that we will not be able to process your request further. Thank you for your understanding",2026-08-12 19:51:48,26.8.2
Zepto,SINGH SINGH,1,"SUCH A FAKE APP, DELIVERY BOY RUDE BEHAVIOUR, HORRIBLE APP, GUYS PLEASE DON'T TRUST ND DON'T ORDER ON THIS APP, FAKE DELIVERY TIME FAKE DELIVERY COMMITMENT, TOTALLY FAKE PLATFORM",2026-08-12 19:47:20,
Zepto,Dhana Sarathi,5,👍,2026-08-12 19:37:29,26.7.4
Zepto,sooraj mamar,3,"Vegetable quality is not good in each delivery 1 or 2 item would be Rotten, some dairy products expiry is on same day",2026-08-12 19:36:59,26.7.6
Zepto,ASIYA GHAZI,5,please don't take too many delivery charges cause I don't have that much money and it's an emergency cause tomorrow is my independence day function it's gentle request,2026-08-12 19:36:40,26.8.2
Zepto,Jan Frank,1,quality of vegitable item is not good,2026-08-12 19:34:34,
Zepto,Salman Khan,5,very fast delivery,2026-08-12 19:20:50,26.8.2
Zepto,chittaranjan panda,5,Awesome experience,2026-08-12 19:18:22,26.7.4
Zepto,Sk Sk,5,super enjoying super enjoying super enjoying 😁😁😁😁😁😁😁😁😁😁😁😁,2026-08-12 19:15:03,26.7.6
Zepto,Parved Borana,5,superb,2026-08-12 19:09:12,26.7.4
Zepto,Neha Shah,1,Worst AI Chat bot .... Just roaming in loop without extending support....from half an hour it's showing order will deliver in 2 mins ... got 5 calls to check whether I am cancelling my order and even after pressing 2 on automated calls my order is not delivered. Your chat bot keeps saying it same lines and doesn't route to actual agent..your delivery agent doesn't pick up calls..how to get support?? I had to make a paralle order on Swiggy Instamart because not getting clarity on order delivery.,2026-08-12 19:07:52,26.8.1
Zepto,Devanand Goldar,1,day by day zepto becoming a wrost instant delivery app. Order anything and it always asks you to select a schedule. So what's the point of instant delivery?,2026-08-12 19:07:36,
Zepto,Payal Chaudhary,1,"For the first time I used zepto and had a very bad experience. I received a torned packaging of a product I ordered which was prepaid and when I raised the issue, the refund was denied with no explanation. Finally when I mailed them I received a very bad explanation. There's no phone no. provided that I can talk to or anything that I can do regarding this issue. Worst customer support experience ever.",2026-08-12 18:59:25,26.7.6
Zepto,Rafeek Shaikh,5,nice dilivery,2026-08-12 18:52:39,26.7.6
Zepto,Niraj yadav,5,nice,2026-08-12 18:49:09,26.8.2
Zepto,King gaming,1,worst delivery app ever sent expired product twice wont take return no customer support number staff is absolutely useless and dumb,2026-08-12 18:46:06,26.8.2
Zepto,Nilesh Raghwani,4,best & affordable,2026-08-12 18:38:28,26.8.2
Zepto,Vikram Vikram,5,good,2026-08-12 18:38:14,
Zepto,Navneet Kaur,1,Not happy with services and return policy of zepto ...Always have but in replies ...They need to understand delivery or product listing is not the services only....,2026-08-12 18:34:26,26.8.2
Zepto,Vinod Parikh (Vinod Parikh),5,service best,2026-08-12 18:32:56,26.7.6
Zepto,shubham panchal,1,"Worst app ever. They don't have customer executives. If an order is delayed, you can't contact them, and delivery partners never pick up calls.",2026-08-12 18:32:54,26.7.6
Zepto,Deepak Kukreja,1,"Zepto is becoming greedy day by day. I understand increasing the minimum order value for free delivery, but the number of extra charges is getting ridiculous. What’s more frustrating is that the cart shows one amount, but at checkout the total suddenly increases with a “high demand in your area” charge. If these charges apply, they should be clearly shown from the beginning, not added at the last step. This feels misleading and unfair. I’m seriously considering uninstalling Zepto.",2026-08-12 18:25:38,26.8.2
Zepto,Pandurang Kamble,5,very good service,2026-08-12 18:25:31,26.7.6
Zepto,Kavita Narayan,1,इतना घटिया ऐप है 100 में से 95 प्रतिशत डिलीवरी कैंसिल कर देते है या डिलिवर्ड शो कर देंगे समान नही देकर जाते बेहतर blinkit है कम से कम नही आना होता उनको तो ऊपर लिख तो देते है कि बारिश है या कुछ भी लेकिन इसमें पैसे फंस जाते है बहुत घटिया एप और इनके डिलीवरी बॉयज,2026-08-12 18:24:41,26.8.2
Zepto,Babu Bhaiya,5,good zepto,2026-08-12 18:14:21,26.8.2
Zepto,Chandini Dave,1,I wish I could give a negative rating. How smoothly you guys scam us and have not given much options to raise our concern. The worst delivery app I've ever witnessed What's the point in raising the concern. I already have emailed you a detailed report. And here's the screenshot of your most irresponsible reply with no accountability. Instead gaslighting the customer itself that we have delivered the right product and the issue is with the customer like us raising a concern. Worst delivery app,2026-08-12 18:08:18,26.8.2
Zepto,Adnan Ahmed,1,"Worst automated chat support, the bot couldn't understand just paste the repeating text.",2026-08-12 18:06:10,26.7.2
Zepto,divyank sharma,1,worst experience i ordered Skullcandy earbuds bt wo On hi ni huye replacement dala to replacement bi ni aya fir refund ke liye complain dali to refund bi ni aya help desk pr to bot bitha rakhe h in logo n,2026-08-12 18:00:02,26.7.6
Zepto,Mr. Ankit Hatty,1,bad experience,2026-08-12 17:47:37,26.7.6
Zepto,Titu nonia,1,not halp my address not change,2026-08-12 17:46:35,26.7.6
Zepto,Navin Wadhwani,5,good,2026-08-12 17:45:30,26.8.2
Zepto,Sanika Sanika,1,"this is the worst app I have ever used they promises to deliver an order within 8 minutes but its take too long to deliver a product for two for 200 metres it shows 50 minutes 40 minutes to deliver a product this is the worst app , if I cancel my order you are not going to pay any refund. I have order a which can rose water like 40 minutes ago but it still showing 26 minutes 26 minutes the delivery partner did not pick up the product yet",2026-08-12 17:45:17,26.8.2
Zepto,Gulshan Kumar,1,third class service,2026-08-12 17:40:26,26.8.2
Zepto,Varalakshmi M,5,worth it,2026-08-12 17:40:18,26.8.2
Zepto,Zappy,1,"pathetic app, the order was not dispatched i tried cancelling it however your automatic agent is worst and doesn't cancel the order. Your customer service is pathetic.",2026-08-12 17:38:45,26.8.2
Zepto,Bicky Darji,1,today I knew it zetpo is world's no1 fraud app here riders are also chor and zepto don't have good customer care support zepto don't want to see solve customer's problem they only want to do fraud and earn money,2026-08-12 17:33:54,26.8.2
Zepto,Vinod Dhami,5,Nice service,2026-08-12 17:30:10,26.7.6
Zepto,Sagar Maurya,1,"The app crashes when you try to send pictures in chatbox and then when this happens the chat support agent don't help you tand worst is they directly end your chat, worst chat support and worst customer experience.",2026-08-12 17:25:50,26.8.2
Zepto,RAJ KUMAR SRIVASTAVA,1,zepto ek kharab app hai kripya karke is app Ko Na download Karen isase Koi Saman na mangae native to returning karne mein bahut dikkat karte Hain,2026-08-12 17:21:58,
Zepto,Nainai Kids,5,i like zepto for sending good item I believe and keep growing more,2026-08-12 17:16:20,26.8.2
Zepto,Vikash Shrivastava,1,bhai phale to 49 me free dilivery dete hai baad me 149 me free dilivery dete hai 😡,2026-08-12 17:15:37,26.8.2
Zepto,Yash Baghel,5,good 😊,2026-08-12 17:11:09,
Zepto,Neeraj Singh,1,"​I have used Zepto multiple times, and I am extremely disappointed with their service On multiple occasions now they have delivered the completely wrong products to my address When you need groceries urgently getting the wrong items and then dealing with their customer support for refunds or replacements is just a massive headache ​It clearly shows a huge lack of quality control in their packing and delivery process Will be switching to a more reliable service Do not recommend.",2026-08-12 17:10:24,
Zepto,Pls FF,1,blinkit is way more better first this app tells cash on delivery then say no cash on delivery,2026-08-12 17:04:55,26.8.2
Zepto,Sadia Nayeem,1,we got a missing item and we said him to bring it and he gave me the order in 30 min and we said we will put a complaint he said ok complaint very bad delivery man don't download zepto,2026-08-12 17:04:17,
Zepto,Vasudeo Patade,1,after giving 10 min in app now a days I order comes after 45min. and delivery person location is showing my location. must be playing garba with my watchman. now service persons are also sleeping. don't trust for emergency.,2026-08-12 16:52:37,26.8.2
Zepto,Ritik Singh,5,very nice experience excellent,2026-08-12 16:45:32,26.7.6
Zepto,Hani Hani,5,good aap,2026-08-12 16:35:30,26.7.6
Zepto,Nusrat Fatima,1,one of the worst experience I received a damaged product n wasn't able to return it,2026-08-12 16:35:29,
Zepto,Ashwini NS,5,best app,2026-08-12 16:27:57,26.7.6
Zepto,sazu Ahmad,5,very fast delivery God behaviour,2026-08-12 16:21:04,26.8.2
Zepto,Dipali Jadkar,1,i have order 3 items...from that 2 items are missing..and zepto support denide to give rufund or solution..very bad serivce by customer support already shared all details in mail..but you are not going to resolve the issue..so better improve your customer support and delivery agents fraud.,2026-08-12 16:16:21,
Zepto,Mani sirigiri Kantaa,5,nice work,2026-08-12 16:05:40,26.8.2
Zepto,Gouse Mohd,5,super,2026-08-12 15:57:03,26.8.2
Zepto,RaviRaj Studio,5,bhot bhot acha hai,2026-08-12 15:55:47,25.7.4
Zepto,Nagesh Karan,5,good,2026-08-12 15:55:29,26.7.6
Zepto,Swati Singh,5,bhot achi services hai product bhi,2026-08-12 15:48:34,26.8.2
Zepto,Kiyaansh Shah,5,Good and affordable app 🥳😄,2026-08-12 15:45:54,26.8.2
Zepto,J B,1,Return and Replacement is next to impossible on this app.,2026-08-12 15:42:42,26.8.2
Zepto,Balram Singh,1,good,2026-08-12 15:39:03,26.8.2
Zepto,narendra bairagi,3,High prices,2026-08-12 15:36:22,26.8.2
Zepto,chandni neema,1,Received rotten vegetables and fruits. Sometimes things are damaged also.,2026-08-12 15:29:13,
Zepto,Kaushalya Sesun,5,fast n good service very useful n helpful,2026-08-12 15:28:11,26.7.6
Zepto,Aashish Kumar,1,best of time and money note customer value,2026-08-12 15:25:05,26.7.6
Zepto,vidyadhar tambe,5,excellent,2026-08-12 15:20:14,26.7.6
Zepto,Amandeep Singh,5,very very very good zepto🤗,2026-08-12 15:06:17,26.8.2
Zepto,Akash Jaiswalji,5,good 👍😊,2026-08-12 14:57:38,26.7.6
Zepto,arjun halder,5,good 👍,2026-08-12 14:53:50,26.4.4
Zepto,Rekha Kumari,5,happy,2026-08-12 14:53:20,
Zepto,Aliya,1,zeptq people just call once and then cancel our order without sending any message.,2026-08-12 14:51:08,26.8.2
Zepto,deva raj,5,Good,2026-08-12 14:44:48,26.7.6
Zepto,Ashraful Alom Chy,5,very bad is zepto showing 20 mints than delivery was 50 40 mints so pls very very bad aplication so delate was zepto,2026-08-12 14:44:18,26.7.6
Zepto,Harsh Kotwal,1,"can you guys please open the COD option, i only use cash, I do not use it online UPI, one day I ordered an OTG and made an online payment of 79/-!through my brother UPI app, i cancelled the order before packing but did not get refunded and they told that the amount was refunded and will reflect in the bank account and now 3 month have paas but still in my bank statement i cannot see any refund of 79/- rupees.",2026-08-12 14:37:26,26.7.6
Zepto,Neela Snp,5,super,2026-08-12 14:34:37,26.7.6
Zepto,Prasad Thale,1,"The customer support is becoming pathetic for the refund request for one of last orders with Yojana eggs. The eggs were broken, leaked in the carton with fungus on the back side of the egg carton. There were a few cockroaches inside the egg carton. The condition of the eggs were almost rotten and still no positive response from support via email or app. I am discontinuing Zepto due to the worst customer support.",2026-08-12 14:29:38,
Zepto,Jharna Jain,1,"edit wow shittiest app I ordered usb and I recieved diff one so I tried to return but pics op won't work only. I ordered chana jor chaat from zepto and they just gave me chana jor ,the toppings & everything werent included in it but the description said served with tomatoes coriander & what not after I raised an issue customer exec said sorry mam we can't do anything Looting our money for this? they said zepto makes sure to double check the products quality oh is this the way you DOUBLE CHECK ?",2026-08-12 14:25:31,26.8.2
Zepto,Shweta VP Bhatt,5,Best service.....,2026-08-12 14:20:24,26.7.6
Zepto,Amit Kumar,1,delivery person have not delivered the order but application is showing that order is delivered,2026-08-12 14:00:34,
Zepto,Anil Kumar,1,not trust this app,2026-08-12 13:50:09,
Zepto,Vinutha Padma,5,"nice product, good quality.",2026-08-12 13:48:55,26.7.4
Zepto,soghrai8 ahmed,5,iam happy for zepto,2026-08-12 13:21:35,26.8.2
Zepto,neha kashyap,1,The new delivery boys were very very rude and did not want to deliver the product. If we tell them to come to the door or on this floor. they directly refuse even the floor to mention my address. Very bad service...,2026-08-12 13:17:36,26.7.6
Zepto,Sai shiva,5,good,2026-08-12 13:15:03,26.7.6
Zepto,Supriya Bist,2,Not able to contact zepto to complain about zepto refund not being applied every time it needs to be !,2026-08-12 13:04:56,26.8.2
Zepto,Roshni,1,My COD is unavailable that's why i hate this app,2026-08-12 13:01:11,26.8.2
Zepto,Srikanth Darsi,5,service is good... but not delivering some placess,2026-08-12 12:55:48,26.7.4
Zepto,trivedi vinit,5,good,2026-08-12 12:52:57,26.8.2
Zepto,Jyoti Prakash,1,from last week onwards my handling fees of rupees 40 is fixed and I checked in others account it's free why it's like that,2026-08-12 12:39:20,
Zepto,Aliabbas Jafri,5,very nice,2026-08-12 12:09:14,26.7.6
Zepto,Rohit Singh,1,"Add limitations now, zepto lite is not available from last month for Android users, customer service is very bad, you can't connect with them.",2026-08-12 12:05:14,
Zepto,Piyush,1,The worst app works on your api and mapping algorithm so the rider gets the exact delivery location. p.s blinkit is far better than you,2026-08-12 12:03:25,26.6.5
Zepto,Usha K,1,product not delivered and money not refunded. no help even after talking to customer care,2026-08-12 12:00:49,
Zepto,RAJYA LAKSHMI,1,"waste this app .“Whenever I order two milk packets, you are repeatedly delivering expired packets. This has happened four times already. How can this keep happening? It is completely unacceptable to send expired products repeatedly. Please take this issue seriously and provide a proper replacement or refund",2026-08-12 11:56:24,
Zepto,Ankit Jangra,1,"delivering the near to expiry date , or expired product included mainly milk product. not not making refund for that particular product .",2026-08-12 11:34:31,26.8.2
Zepto,parminder singh,5,good,2026-08-12 11:29:54,26.7.6
Zepto,Mohil Hariyani,1,reduce minimum order value to 100/-... your competitors are giving at same price.... i will ask people to buy from local shops only... these people will exploit us later... let us stop using zepto,2026-08-12 11:29:03,26.7.6
Zepto,pawan kumar,1,"zepto is scamming people. I had ordered a phone cover which didn't fit, due to which I raised a replacement, they replaced it with even worse product.. for which then I finally raised a refund.. but the delivery partner never came to take the product back and then refund got cancelled automatically.. now they are refusing to take back the product saying that the refund window was only for one day.. these guys are running a scam.. this has happened to a couple of my friends as well..",2026-08-12 11:25:25,26.8.2
Zepto,Afreen ali,5,great,2026-08-12 10:58:56,26.7.6
Zepto,farookmg1,5,fast,2026-08-12 10:57:31,26.7.6
Zepto,M.murugan M.santhosh,5,nice app for last minutes,2026-08-12 10:55:04,26.8.2
Zepto,Akshay Mannarwar,5,One of the best service provider in Bharat.,2026-08-12 10:55:01,26.8.2
Zepto,PIYUSH RANJAN,4,gud,2026-08-12 10:24:25,26.7.6
Zepto,Manav Nagpal,1,good deals but pethatic customer service. you have lost a long time and loyal customer today.,2026-08-12 10:17:10,
Zepto,Noor Fatima,1,"your frustrating ""zap"" . I am going to uninstall this app. no customer support. very bad app.",2026-08-12 10:16:49,26.8.2
Zepto,AG Kalio & Akito,1,"I’ve repeatedly received products that are in poor condition, along with packaging that looks extremely old, dirty, and poorly handled. What’s even more frustrating is that when I try to return a product, I sometimes receive a different product instead of the correct replacement.",2026-08-12 10:15:29,
Zepto,Jyoti,5,good very nice,2026-08-12 10:05:10,26.8.2
Zepto,Anand Ani,5,nice app fresh fruits and vegetables trust app,2026-08-12 10:02:20,26.7.4
Zepto,Siddiqui Nuzhat,5,good 👍,2026-08-12 09:54:01,26.8.2
Zepto,Monu Sarkar,1,the worst app don't ever use this app they take payment online and didn't even refund not just once they did with me for like 4 5 times and return in even 8 9 days,2026-08-12 09:53:42,26.7.6
Zepto,Pankaj Patel,5,good,2026-08-12 09:44:01,26.7.6
Zepto,Priyank Adesara,5,good,2026-08-12 09:42:44,26.8.2
Zepto,Sandip Mishra,5,good service,2026-08-12 09:29:33,26.7.6
Zepto,Vasantha T V,5,super good delivery partner,2026-08-12 09:16:57,26.7.6
Zepto,Kanhaiya Tripathi,5,Value for money on each item.,2026-08-12 09:06:46,26.8.2
Zepto,PARVINDER KUMAR,1,worst,2026-08-12 08:57:40,26.7.6
Zepto,Gouranga Pradhan,1,ismein Na Koi chat ka option hai kharab Saman Dekhe kuch response Nahin Hai ismein kya ghatiya Company hai pata nahin Itna Ghati company Hota pata nahin karne wala refund Kabhi option Nahin Hai main customer support Mein Nahin Hai bekar quality ka saman bhejta hai ye zepto,2026-08-12 08:46:47,
Zepto,Raj Bisht,5,good sarvesh,2026-08-12 08:25:49,26.7.6
Zepto,Khushboo Yadav,1,"worst app i have ever used,first they take so much of time to deliver the product and also they don't return it easily,chat process is also worst,I will never use this app",2026-08-12 08:02:05,26.7.6
Zepto,Nalina S,1,duplicate rice selling,2026-08-12 07:50:14,26.7.4
Zepto,Sagar Kanani,1,zepto fraud company hai order hi nahi pad raha hai,2026-08-12 07:08:41,26.8.2
Zepto,Jagan D,1,worst experience I had after ordering mulk it was applied,2026-08-12 07:07:48,
Zepto,Kothinti Olpathi,5,good,2026-08-12 07:07:47,26.8.2
Zepto,Sunita Jha,5,Great delivery service. Good for emergency. Products are of good quality... Prices can be reduced a little,2026-08-12 06:46:33,26.8.2
Zepto,Pooja Verma (Neha),5,V good,2026-08-12 06:36:51,26.7.6
Zepto,Raghav,1,"very pathetic service , my refund still pending Order ID _ NTLHRSARC55882 Order ID _ MINMSSARC36883 Order ID _ PLRRRSARO05009",2026-08-12 05:42:11,26.8.2
Zepto,Venkata Ratnam Anappindi,1,"worst app experience and customer support. app quits after clicking photo for submitting order issue. delivered one different item and delivery person said entire order has to be canceled but cant return 1 wrong item that is delivered. even product quality is also very bad. delivered rotten tender coconuts and unable to claim refund. other apps like blinkit, instamart are far better",2026-08-12 05:14:22,25.5.5
Zepto,Japani Kakoty,1,Never buy vegetables from zepto. pathetic,2026-08-12 03:48:42,26.8.2
Zepto,KAIFI NAAZ,5,gud service,2026-08-12 03:05:15,26.7.6
Zepto,Anand Balan,3,Last order missing some time and brown sugar also wrang itam this order damaged poor quality,2026-08-12 02:40:14,26.6.2
Zepto,parth gupta,1,Straight up bad!,2026-08-12 02:14:41,26.7.6
Zepto,Priyanshu Agrawal,1,"It was a very bad app, and not at all genuine. I ordered a web cam and it was faulty, first of all they delayed my return by saying the store is not serviceable for 3 days and after that they told me you are out of return/ replacement window and customer care never helps, it always repeat the same thing.",2026-08-12 02:01:27,26.7.6
Zepto,Anuj Negi,1,disgusting app I ordered 6 icecream at night and got them all melted and their seller said just to receive it and go to customer care and refund it and I casually paid him but then they denied my refund or return request saying that their seller delivered it in good condition and they can't talk any further we actually waited 40 mins for that order and get those melted icecream totally worse app,2026-08-12 01:55:00,
Zepto,Wajid Pathan,5,so happy,2026-08-12 01:46:53,26.7.6
Zepto,annu annu,1,bad service,2026-08-12 01:25:52,26.7.4
Zepto,TECH INFO,1,"blocked my account for no reason and their email saying they won't respond to my any further message, what type of customer service they running",2026-08-12 01:13:15,25.3.2
Zepto,Sharan Vajra,5,❤️,2026-08-12 01:02:24,26.7.6
Zepto,Shalini Pal,5,good,2026-08-12 00:59:10,26.7.6
Zepto,Prem Maurya,4,the app and his service is too good ✨,2026-08-12 00:56:41,26.7.6
Zepto,Das Barun,5,good,2026-08-12 00:51:34,26.7.6
Zepto,Akshata Mestri,5,good,2026-08-12 00:43:56,26.7.6
Zepto,mounika tamminana,1,customer service is very bad...go with Swiggy even it's cost a little for much better customer service,2026-08-12 00:42:44,25.9.1
Zepto,Raj# box8,5,Good,2026-08-12 00:41:48,26.8.2
Zepto,Manthan Parkar,1,So annoying i hate this app,2026-08-12 00:41:43,26.8.2
Zepto,milind parkar,1,this app is so annoying we ordered cake and they cancelled it,2026-08-12 00:40:18,26.8.1
Zepto,Mohd misri,5,good 👍,2026-08-12 00:31:06,26.7.6
Zepto,narendra sn,1,this is worst service in zepto on time delivery not possible very stupid service,2026-08-12 00:29:13,26.8.2
Zepto,Shaik Salman,5,good,2026-08-12 00:11:52,26.7.1
Zepto,Sameena,1,this app is sooo bad. they are giving not even giving refund for genuine complaint.,2026-08-12 00:11:33,26.7.6
Zepto,Puja Kumari,1,bad experience let delivery 1 hours 2hours nd automatically cancel kr diye,2026-08-12 00:08:33,26.7.4
Zepto,Lavanya V,1,don't give adds please,2026-08-12 00:08:27,26.8.2
Zepto,Ranjith goud,5,nice,2026-08-11 23:57:58,26.7.3
Zepto,Ayesha Mansur,1,worst app ever no on time delivery very disappointed,2026-08-11 23:52:28,26.7.4
Zepto,freeku gamers,5,1.fast delivery 2.good packing bole to jhakkaas,2026-08-11 23:42:24,26.7.4
Zepto,Bhanu Yadav,3,midium hai,2026-08-11 23:40:14,26.7.4
Zepto,Awasthi GunGun,5,fabulous 🤩,2026-08-11 23:38:26,26.3.2
Zepto,manoj kumar,5,good service,2026-08-11 23:33:19,26.7.6
Zepto,SARPE CHANDAN BABU,5,super,2026-08-11 23:32:53,26.8.2
Zepto,Rakesh nayak,5,ok,2026-08-11 23:27:32,26.7.4
Zepto,Uma 411,5,I'm big fan to chocolate waffy😋 Reasonable price 💰 fast delivery 🚚 and Appreciate delivery brothers,2026-08-11 23:27:14,26.7.6
Zepto,Kutty k,5,awesome 🫡❤️,2026-08-11 23:25:43,26.8.2
Zepto,Aldria Noronha,1,worst app ever never going to download this app ever again,2026-08-11 23:21:44,25.3.2
Zepto,pragya dubey,1,refund policy is better in blinkit. it happens with me twice I order 2 parotha packet and received only one and when I tried reaching out they was not at all responsive and second incident took yesterday I order one product it was smelling badly they asked me to return and I told them that it is open but they told me they will take it no need to worry the pickup guy rejected then I received a call I told them to check in your records but still no response. Zepto please check how blinkit work,2026-08-11 23:20:58,26.7.6
Zepto,Sushil Tiwari,5,nice,2026-08-11 23:16:16,26.8.2
Zepto,Aarya Ram,5,good delivery app,2026-08-11 23:15:46,26.7.4
Zepto,Prathibha Mehari Yerramsetty,1,"I've lost trust in this service. I ordered my items over an hour ago, but the app has been stuck saying '7 minutes away' the entire time. Where is my order, and why is the tracking completely wrong?",2026-08-11 23:07:55,26.8.2
Zepto,Praveen Kumar,5,please stock this product,2026-08-11 23:07:25,26.7.6
Zepto,Babit Mishra,5,zepto good service and delivery boy behaviour is so polite,2026-08-11 23:05:24,26.7.2
Zepto,patan hameed,5,thanks Zepto good,2026-08-11 22:57:48,26.8.2
Zepto,Sudhir Kharade,5,Very nice,2026-08-11 22:57:35,26.7.6
Zepto,Shikha Maurya,1,such a worst grocery shopping app there is not costomer support team no one is there to listen and they srnd missing expired and damaged products always,2026-08-11 22:51:48,26.7.6
Zepto,Khushboo Ara,5,Good Quality product for zepto fast delivery,2026-08-11 22:49:01,26.7.3
Zepto,Ruchika Rawat,3,chat process never work for me overall zepto is good,2026-08-11 22:47:20,26.7.4
Zepto,Dhirender Singh,1,I was wrong today I realize they are playing with the life of customer by providing spoiled fruits and food items,2026-08-11 22:44:41,26.8.2
Zepto,Sampa Roy Chowdhury,5,very good,2026-08-11 22:40:32,26.7.6
Zepto,jaydeep suthar,5,good,2026-08-11 22:39:00,26.7.1
Zepto,Deepika Bareja,1,i ordered Ice-cream It was melted and eaten by delivery partner and they also don't refund it,2026-08-11 22:34:42,26.7.6
Zepto,Raju Chaudhari,5,very nice 👍,2026-08-11 22:32:33,26.8.2
Zepto,balabeep balabeep,5,super,2026-08-11 22:31:33,26.8.2
Zepto,Steal Leaf,5,order is fast,2026-08-11 22:26:56,26.8.2
Zepto,Sukhvinder,5,good quality,2026-08-11 22:18:43,26.8.2
Zepto,Deekshith,5,good,2026-08-11 22:15:26,26.8.2
Zepto,Manju Manju,5,good,2026-08-11 22:14:02,26.7.6
Zepto,Gobbur Prakash,5,ok,2026-08-11 22:09:23,26.8.2
Zepto,Deepak Baeet,1,"third class service by Zepto i have ordered many time different category biscuits by Britania Nutrichoice but they send only same category. this is too ridiculous service ambegaon Budruk, Pune",2026-08-11 22:05:35,
Zepto,Vishi Jain,1,yah laptop company bus bekar hai koi bhi product aap order karo kabhi bhi order karo dikha de kuchh aur hai aur vahan se deliver kuchh aur hota Hai jab customer care per phone karke Ham bolate Hain hamari problem ko thoda replace Karti Hai Na dekhun karti hai na Paisa wapas deti Hai aur yah ek bar nahin hamare Sath Kai bar ho chuka hai please sabse request hai ki is chapter company se Saman na kharide Kai bar kharab Saman bhi deliver hota hai inke pass se,2026-08-11 22:05:29,
Zepto,Tuba Karim,5,fast service,2026-08-11 21:59:56,26.7.4
Zepto,Anandan Banerjee,1,hopeless,2026-08-11 21:57:23,
Zepto,Manoj Kumar,1,delivery boys don't have change in cod and are rude,2026-08-11 21:55:21,26.8.2
Zepto,Meenu Verma,1,"Pathetic experience with zepto Instead of resolving a genuine product-quality issue, I had to repeatedly explain the same situation to customer support. Very poor customer service and disappointing resolution. I expected better from Zepto. Not recommended.",2026-08-11 21:47:34,26.8.2
Zepto,Ankit Gupta,1,Customer service is pathetic,2026-08-11 21:44:12,26.8.2
Zepto,shaila gonsalves,1,Pathetic return policy. They ask us to send an email even for receiving spoiled tomatoes and bananas.,2026-08-11 21:40:11,26.8.2
Zepto,Smart Guru Services Ranniwas Yadav,5,wonderful,2026-08-11 21:35:42,26.7.1
Zepto,prashant bhosale,1,very bad experience 4/5 time i paid online amount and my order get cancelled with out any information and said that it will refund in 5/6 working days pls take action on such Store they fool the people don't pay online amount My heart' full request to all customers,2026-08-11 21:35:28,26.7.4
Zepto,Rohini Parhad,1,frod app no order received & not refund please do not use app big scam,2026-08-11 21:26:34,26.7.4
Zepto,Topic Debayan,5,good,2026-08-11 21:14:57,26.7.4
Zepto,Prashant Bhosle,1,very bad experience for 4/5 time i have paid amount online and they cancelled the order and say that it's will refund in 5/6 working day so don't pay online payment pay after delivery only,2026-08-11 21:14:36,26.8.2
Zepto,senthamizhan e,5,good,2026-08-11 21:11:59,26.7.3
Zepto,Mohd Muntazim,5,thanks zepto,2026-08-11 21:09:28,26.7.6
Zepto,Ravi Kant,1,very disappoint with this app,2026-08-11 21:07:00,
Zepto,Vaishnavi Tanwar,1,worst app ever I ordered cetaphil from the app and it's a duplicate one I open it's today to use it and it was not the same original one that I use to used in past years. Highly disappointed from zepto now a days. I use to use zepto from a very long tym but after my last few interactions I m highly disappointed.,2026-08-11 20:55:40,26.8.2
Zepto,Anil Mallempati,5,good,2026-08-11 20:54:13,26.7.6
Zepto,SRIBIRUNDHA A,5,good,2026-08-11 20:49:27,26.8.2
Zepto,Amay Gaming,5,very much best,2026-08-11 20:47:07,26.8.2
Zepto,Bablu A,1,"NDTV :: ""Extremely Unhygienic"": Raid Exposes Filth In Zepto's Bengaluru Warehouse DEAR ZEPTO, Buying food items from you every alternative day, please clarify...",2026-08-11 20:44:52,
Zepto,Praful Sasane,1,bad,2026-08-11 20:43:28,26.8.2
Zepto,Saravana Jeyandran,5,super,2026-08-11 20:40:38,26.8.2
Zepto,Tabahi Gaming,5,Nice 👍,2026-08-11 20:40:21,26.6.2
Zepto,Shubham Yadav,5,nice app,2026-08-11 20:40:16,26.7.6
Zepto,Akanksha Devi,5,Good app,2026-08-11 20:38:20,26.8.2
Zepto,Siddhartha Bandhu,5,good product,2026-08-11 20:33:46,26.8.2
Zepto,Ajay Kumar,5,good,2026-08-11 20:30:37,26.8.2
Zepto,TAUFEEQ ALAM,1,useless,2026-08-11 20:30:37,
Zepto,ʀᴏꜱʜᴀɴ,5,Nice Character,2026-08-11 20:28:53,26.7.6
Zepto,Nandan bhai,5,Nice you nice 🙂,2026-08-11 20:24:01,26.8.2
Zepto,Syedakbar Syedakbar,5,Good,2026-08-11 20:18:57,26.8.2
Zepto,Veloro,1,poor customer service,2026-08-11 20:13:15,
Zepto,RUCHI NEHRAIK,5,great 👍,2026-08-11 20:13:02,26.7.6
Zepto,Paru Bora,5,good 👍,2026-08-11 20:10:13,26.8.2
Zepto,Manish Singh,1,Delivery never completed on time. always delayed in orders near around DLF ph 4,2026-08-11 20:03:17,
Zepto,Em Wave,1,wrost app ever...deliver curduled milk and still no support from the team always delay than the promised time ...it is only a late commerce,2026-08-11 19:50:40,
Zepto,Gaurav Khanna,5,good,2026-08-11 19:30:40,26.7.4
Zepto,G Nivas varma,1,I used to love this app before but now it became so worst I ordered a 800 rupees worth coffee powder I thought it will be packed in a paper bag but it got delivered normally which was so bad,2026-08-11 19:27:36,26.8.2
Zepto,Akash singh,5,very good aap,2026-08-11 19:24:36,26.7.6
Zepto,Salman khan topper,1,very very very bad samaan me issue aaya aur me customer care se bat krne ka try kr rha hu to app me issue ho rha h like I am unable to connect with customer service,2026-08-11 19:22:14,26.8.2
Zepto,Vasapothul Yohan,5,good,2026-08-11 19:19:28,26.7.4
Zepto,Johney Kumar,1,"purchased the Lifelong press on July 26, 2015, but unfortunately, I did not expect such an issue from your company. The product stopped working properly within just a week of purchase. The power indicator light turns on, but the heating function does not work; consequently, I am unable to use the product. I am extremely disappointed with the product quality; I did not expect such problems from Lifelong. What is most shocking is that I lodged a complaint, yet received no response.",2026-08-11 19:18:56,26.8.2
Zepto,GIRISH KHANDAIT,1,they deliver rotten and ready to return or refund. Pathetic repsonce also from care just doing copy past. I already sent mail but again in reply they are asking to to send not seen such irresponsible and looping without solutions to customer.,2026-08-11 19:02:21,26.7.6
Zepto,SELVA MEENA A,5,good,2026-08-11 18:58:21,26.7.6
Zepto,Shaily Barnwal,1,"Do not download this at all and do not buy any goods from here because if you buy any fruits or vegetables from here, they are not fresh.We always get rotten fruits and vegetables and the bread, cakes and muffins that they give are also expired. My laptop experience has been very bad and I hate Jaipur and their entire team because they do not provide any kind of service.",2026-08-11 18:57:32,26.8.2
Zepto,pawan kumar,5,delevery time is outstanding,2026-08-11 18:55:55,26.8.2
Zepto,Mohammed Mazharuddin,5,excellent,2026-08-11 18:51:03,26.7.6
Zepto,Hitiksha Choudhary,5,.Nice,2026-08-11 18:48:13,26.8.2
Zepto,suhas salunkhe,1,ice cream melted diya complaint dala not response and no refund,2026-08-11 18:47:05,26.8.2
Zepto,Chandresh Rathod,5,very nice 👍😆,2026-08-11 18:46:21,26.8.2
Zepto,Vibhor Tyagi,5,"best app,better than blinkit at least,just hope they don't add unwanted delivery,handling,surge charges in future.",2026-08-11 18:42:42,26.8.2
Zepto,Sundar star,5,Nice delivery,2026-08-11 18:37:52,26.8.2
Zepto,Priya Mashi,5,good,2026-08-11 18:35:29,26.7.6
Zepto,CP DWIVEDI,5,🕉️बहुत अच्छा है,2026-08-11 18:32:36,26.7.6
Zepto,Himanshu Mistry,5,Simple to use app and quick delivery by the team.,2026-08-11 18:27:38,26.8.2
Zepto,Mayank Tiwari,1,"0 star for this app, cheating app, nobody use this, wrong product send and not return product...",2026-08-11 18:21:12,26.7.6
Zepto,KANCHAN MISHRA,5,very good 👍,2026-08-11 18:16:49,26.7.6
Zepto,Ravindra Shinde,5,nice app 👌 excellent products 👌,2026-08-11 18:15:57,26.8.2
Zepto,Alla Harshit Reddy,5,very quick response loved the support team,2026-08-11 17:56:01,26.4.3
Zepto,Sanafathima Sana,5,best aap,2026-08-11 17:53:37,26.8.2
Zepto,madhusudhan ankarla,5,Good excellent 👌 👍,2026-08-11 17:51:47,26.7.6
Zepto,Prashant Wayal,1,Terrible experience. Missing items in the order and no resolution,2026-08-11 17:46:05,26.7.6
Zepto,SOWJANYA M,1,"very bad service by zepto, they send me rotten red and yellow capsicum. with pictures when I asked for refund, they asked me to mail to customer service. After mailing , I got response from zepto that seller has sent fresh capsicum, so they are going to refund my money. I had had sent them rotten capsicum photos also still no refund. so please don't buy anything from zepto. zepto is cheating people",2026-08-11 17:44:42,26.7.6
Zepto,online fashion store,1,very bad service 😒.... no customer support ... wrost sellers,2026-08-11 17:44:42,25.7.4
Zepto,GOVINDAM,2,"Please establish Zepto Service in Bihar, as well as Patna. My friend told me that, you can find cheaper and sustainable items in zepto, I tried to go through the app, after filling my number, email and everything, it says that your order cannot be delivered at your location at all. I tried many times to set my current location + adding my second address, but it didn't work. So, I can recommend you to, establish zepto service in Patna, so people can find out about this website.",2026-08-11 17:43:43,26.8.2
Zepto,sri jyothirmai,1,"Such a worst app. Always delivers rotten,spoiled fruits and vegetables and once happened even with tender coconut. if we see this hear what about the ingredients they are using in cafe. such pathetic deliveries. best suggestion not to install",2026-08-11 17:43:04,
Zepto,Ashwini K,4,delivery boy has to keep change is good for us if they keep change delivery also become fast,2026-08-11 17:43:02,26.7.1
Zepto,Prinshu Dubey,3,good,2026-08-11 17:38:11,26.8.2
Zepto,Vikas Gowda,5,good 👍,2026-08-11 17:34:00,26.7.6
Zepto,Neha Sharma,5,best and good 👍,2026-08-11 17:30:31,26.8.2
Zepto,MAHESH TIWARI,5,nice,2026-08-11 17:23:53,26.8.2
Zepto,Umadevi R,5,Good Application,2026-08-11 17:22:55,26.8.1
Zepto,naveen cheekoti,1,offers option is not showing and instant delivery option also not showing,2026-08-11 17:09:21,26.8.2
Zepto,Hasan Mustafa,1,cod is not available after oder cancel you can send big basket is very good but your app is not good,2026-08-11 17:03:50,26.8.2
Zepto,Shivam Singh,5,good,2026-08-11 16:52:47,26.7.6
Zepto,bablu kumar,5,ok,2026-08-11 16:52:15,26.7.6
Zepto,Krishnan Kashyap,1,disgusting,2026-08-11 16:49:51,26.7.4
Zepto,Ambar Khan,5,👍,2026-08-11 16:44:11,26.7.4
Zepto,Riya Arya,5,Blinkit sai bhot better h,2026-08-11 16:27:31,26.7.6
Zepto,Samrat Gupta,1,Not getting promotional bank offers in the app. While same is displayed for other friends in same area. Customer Care sucks with automated responses. They are unable to resolve issue.,2026-08-11 16:24:14,25.4.3
Zepto,Sumit Tiwari,5,Bad,2026-08-11 16:23:03,26.7.6
Zepto,Punnami Reddy Mamidala (Puja Reddy Mamidala),1,you can't charge delivery charges,2026-08-11 16:20:35,26.7.6
Zepto,Vinod Yadav,5,you are the best app your delivery is so fast,2026-08-11 16:08:40,26.7.6
Zepto,tina jadhav,1,On 8 August 2026 I had ordered bread and other items was calling the delivery agent to inform him check the date and get it delivered he thought it was a company call so he did not answer the call the time he arrived he said I will replace the and get it back after few minutes I got a call from zepto cs asking why you want to cancel the order and i asked the replacement but she also cancelled the prepaid order and today being 11 august 2026 yet I have not received the refund very poor service.,2026-08-11 16:03:54,26.8.2
Zepto,Anmol Chugh,5,zepto service is so fast and reliable refund system is so smooth... anything will be wrong delivered change the product otherwise refund the amt... i like it zepto so much service is so fast,2026-08-11 16:03:14,26.7.6
Zepto,Pinku,5,Okk,2026-08-11 16:02:04,26.8.2
Zepto,Akhilesh Tiwari,5,very Fast Service thanks Zepto Teem,2026-08-11 15:57:37,26.8.2
Zepto,Poorna Chaitanya Kaisarla,4,Better offers than other apps.,2026-08-11 15:55:39,26.7.6
Zepto,Amisha Shah,5,no hassle ..delivery in quick few seconds,2026-08-11 15:55:07,26.8.2
Zepto,Habeebullah A,5,Great app,2026-08-11 15:48:40,26.7.6
Zepto,jayanth yeswanth,5,I get what ever I want from Zepto. thank you for supplying everything fresh and on time ⏲️ 🙏,2026-08-11 15:38:29,26.7.6
Zepto,Rajji Verma,1,"Formal Complaint Regarding Extremely Poor Zepto Service — 1/5 Rating I am writing this complaint to express my extremely disappointing and frustrating experience with Zepto. I have used the platform with the expectation that my order would be delivered within the promised time and that, in case of any issue, the company would provide proper customer support and resolve the matter fairly. Unfortunately, my recent experience was completely different. My order was not delivered within the promise",2026-08-11 15:36:07,26.8.2
Zepto,ALKA SAXENA,1,No use of sharing any detail. I have done it in the past Zepto is pathetic... even after submitting the pics of rotten food items they don't address the issue and ask to drop email and on email also they completely sent to resolve the issue. Just uninstalled this pathetic app,2026-08-11 15:34:38,26.5.1
Zepto,Ali Qureshi,4,Okk,2026-08-11 15:34:11,26.7.6
Zepto,Urmila Jain,5,super,2026-08-11 15:25:17,26.7.6
Zepto,Harsh Goyal,5,good,2026-08-11 15:18:23,26.7.4
Zepto,Devendra Ninawe,5,Economical .,2026-08-11 15:07:28,26.6.1
Zepto,Vinitharavichandran R,5,good fast delivery boy,2026-08-11 14:41:00,26.7.6
Zepto,Ammu Ramu,5,fast delivery,2026-08-11 14:28:21,26.7.3
Zepto,mayu bhalerao,4,good 👍,2026-08-11 14:12:19,26.7.6
Zepto,Chihuxz,5,this is very nice 👍🏻 really,2026-08-11 14:07:50,26.8.2
Zepto,Pankaj Verma,1,my refferal code not show main kisi ko refer nahi kar pa raha hu my number,2026-08-11 14:01:58,26.8.2
Zepto,Jaganmohan Reddy T,5,everyone utilize zepto only,2026-08-11 13:57:08,26.7.6
Zepto,Sadiqa Sikandari,5,very fast delivery,2026-08-11 13:50:18,26.8.2
Zepto,ramkhushi meena,5,ramkhushi meena very nice,2026-08-11 13:39:59,26.8.2
Zepto,Rajat Gupta,1,Deceptive & dishonest. Be extremely careful while ordering.,2026-08-11 13:37:10,
Zepto,Vanshu Kaushik,1,worst shopping experience some items are missing but they don't provide us the refund even after I write mail to them they just ignored the issue. they are still not replying,2026-08-11 13:37:02,26.7.6
Zepto,Himanshu,5,good price,2026-08-11 13:19:07,26.7.6
Zepto,Wasi Haider naqvi,5,good,2026-08-11 13:10:25,26.8.2
Zepto,Priya Kumar,4,"delivery is on time,but sometimes fresh items are not upto mark....they are sometimes rotten..",2026-08-11 13:07:15,26.7.6
Zepto,vijayalaxmi kanna,1,one of the most fraud and most bakwaas app don't use this app,2026-08-11 13:02:13,26.7.4
Zepto,Kirti Yadav,5,good,2026-08-11 13:01:46,26.8.2
Zepto,Anil Kumar,5,very good services,2026-08-11 13:00:42,26.7.6
Zepto,Inder singh,1,"I had a really bad experience with Zepto Cafe. The food tasted stale, and I literally vomited after eating it. This raises serious concerns about whether proper freshness, hygiene, and safety checks are being followed. Selling potentially unhygienic food without proper quality checks is a serious concern and can put customers’ health at risk. Zepto should take this matter seriously and ensure proper food safety standards are followed.",2026-08-11 12:47:42,26.8.2
Zepto,Shiv kumar Singh,5,too fast delivery,2026-08-11 12:42:54,26.8.2
Zepto,Vipin Kumar,5,good service this app 👌👌👌👌,2026-08-11 12:33:18,26.7.6
Zepto,Ashik ekbal,5,awesome,2026-08-11 12:28:30,26.8.2
Zepto,manoj kumar,2,good,2026-08-11 12:23:13,26.8.2
Zepto,Rakesh Yadav,5,very nice 👍,2026-08-11 12:23:00,26.7.3
Zepto,Manisha Sharma,1,bohot bekar aap hain delivery charge bohot late hain,2026-08-11 12:09:16,26.7.6
Zepto,Ishrath Unnisa,5,good,2026-08-11 12:07:39,26.7.4
Zepto,Afridi Mondal,5,good to have have this app this aaps makes life a bit simple and easy,2026-08-11 12:05:42,26.7.4
Zepto,sahil khan,5,nice,2026-08-11 12:05:06,26.8.2
Zepto,Kiran Vegda,5,well,2026-08-11 12:04:58,26.7.6
Zepto,Saleem Sallu,5,time save good app,2026-08-11 11:58:50,26.7.4
Zepto,vinit Shelke,1,delivers wrong product and does not arrange return. uninstalling zepto from my and my other 10 contacts.. also gonna tweet,2026-08-11 11:56:06,26.8.2
Zepto,Mokshita Bhola,1,"Worst grocery delivery app ever. Half my order was missing, and customer support refused to help, claiming everything was delivered. When I asked for proof, I only received an automated response and no refund. Paid for items I never received. Deleted the app, sticking to BigBasket and Blinkit from now on.",2026-08-11 11:51:51,
Zepto,Vikas Kumar Mishra,1,"This app has become a total scam. They're sending short quantities, delivering expired items, and providing awful customer service.",2026-08-11 11:49:24,25.5.4
Zepto,Rahul Saha,5,one ofe the best online app for all product.... I am very satisfied with zepto....service...🧡🧡,2026-08-11 11:47:12,
Zepto,Nitin roy,5,fasting delivery,2026-08-11 11:43:44,26.8.2
Zepto,Rajbir Saini,5,Rajbir Saini Service is very good and fast,2026-08-11 11:41:06,26.7.6
Zepto,Ahmed Ali,1,i got wrong cat products when I ordered smell bhi theek nahi hai damage bhi Hai Mai Regular Customer Hu customer care also not responding properly so thank you I am uninstalling This App,2026-08-11 11:38:30,26.7.6
Zepto,Bitan Basu,1,"The app says if the product is defective, they will return the item, but they do not.",2026-08-11 11:37:32,26.8.2
Zepto,swarjan raj,1,I'm living in the centre of the city It always shows we don't deliver here yet Come on even toing delivers here what's your problem,2026-08-11 11:22:11,
Zepto,Rinku Meena,5,badiya h,2026-08-11 11:21:25,26.8.2
Zepto,kalidass kali,5,good l,2026-08-11 11:16:34,26.7.6
Zepto,Bhuneshwar Kumar,5,very good,2026-08-11 11:15:31,26.8.2
Zepto,Bhavna Bhalerao,1,"""A complete waste of time. They sell garbage and refuse to fix it!"" I order online to save time, but this app just wastes it. My last delivery arrived with torn packets of milk and paneer, and the peeled corn boxes were completely ruined. The quality is a joke. I paid extra for cleaned coriander, but they sent it with all the heavy stems attached. Even worse, the cut cluster beans were packed full of rotten ends and stringy waste that should have been thrown away.",2026-08-11 10:52:50,26.8.2
Zepto,Dhruv,1,"A company with zero accountability, if you have ordered some stuff which are delivered in rotten condition. the answer which they say is ""The Seller have confirmed that the product was in proper, fresh condition at the time of dispatch. Unfortunately as the item met our freshness standards at dispatch, we wont be able to process a refund or replacement in this case"" please those who are buying first reconfirm before taking delivery, they would give rotten stuff and wont refund as well.",2026-08-11 10:49:29,
Zepto,Anam Sheikh,5,👍,2026-08-11 10:47:13,26.8.2
Zepto,Sangeetha Nayak,1,"Worst and most disappointing experience with Zepto. I received completely spoiled paneer, and the delivery person told me that it had been kept for many days and was not even stored in the fridge. This raises serious concerns about food storage and hygiene. Customers’ health should never be taken so lightly. I strongly recommend that the concerned health authorities inspect the fulfillment center and check how food products are being stored and delivered. Very disappointing service .",2026-08-11 10:46:27,26.7.4
Zepto,Shivam Sadulwar,1,"Very bad experience The provide my very bad quality product of peanut butter which tastes and smells bad , I complained them they didn't resolve my issue not replaced my item or give me refund. My money and time wasted. Very bad service.",2026-08-11 10:26:34,26.8.2
Zepto,gazal paul,5,good experience 👍,2026-08-11 10:15:52,26.7.4
Zepto,Kapil Dev Sharma,5,bole t ek dam fresh,2026-08-11 10:06:12,26.8.2
Zepto,Sahil Khatri,1,cheated on weight,2026-08-11 10:01:52,26.7.1
Zepto,LOKESH SONGARA,1,"Highly misleading app! Whenever I search for a product online, Zepto shows it as ""In Stock."" But the moment I log in, it suddenly turns ""Out of Stock."" This feels like a cheap trick just to force users to open the app and log in. Extremely disappointing and waste of time!",2026-08-11 09:45:07,26.8.2
Zepto,Macharla Srilatha,4,Really it is reliable,2026-08-11 09:41:16,26.8.2
Zepto,kirti gupta,5,very nice 👍🏻,2026-08-11 09:39:02,26.8.2
Zepto,Sirat Malek,1,very bad experience,2026-08-11 09:38:46,26.7.6
Zepto,Pankaj Singh,5,timely delivery,2026-08-11 09:38:24,26.8.2
Zepto,Babita Saxena,1,cheaters,2026-08-11 09:37:49,26.8.2
Zepto,Jyoti Jyoti pariyar,1,the zepto care is not good they gave me wrong item and they are not taking the item and they gave me expride ice cream,2026-08-11 09:36:23,
Zepto,vinay yadav,4,one thing I like the most is ₹49 plus delivery free service. and it does not increase after you order second time or third time. Best grocery app 👍👍,2026-08-11 09:33:52,26.8.2
Zepto,Rahul Kumar,5,good 💯,2026-08-11 09:16:08,26.7.6
Zepto,Vijaya Lakshmi,5,good,2026-08-11 09:15:07,26.7.6
Zepto,Debatri Saha,1,Now days zepto taking charges 40 rupees of handling fee in my cart. which is too much. That's why I can't order items. If this handling fee not remove from my cart then I will uninstall this app.,2026-08-11 09:10:35,26.8.2
Zepto,Gyanvi Soni,5,fast delivery,2026-08-11 09:03:44,26.7.6
Zepto,Navaneet chaurasiya Arvind,5,very good,2026-08-11 08:49:42,26.7.4
Zepto,Digvijay Jadhav,1,"Received a completely melted product, and even after raising a complaint and escalating it to senior support, I received no proper resolution or response. Don’t use Zepto—one of the worst services I’ve experienced. Providing products in such poor condition is unacceptable. Zepto is seriously playing with customers’ health and safety.",2026-08-11 08:45:46,26.7.6
Zepto,Md Afjal,5,nice,2026-08-11 08:34:23,26.6.2
Zepto,Jesus Words Telugu Channel,5,very good quality and fast delivery,2026-08-11 08:29:45,26.7.6
Zepto,prasad ayush,5,super fast service,2026-08-11 08:27:02,26.7.6
Zepto,Gaurav Bhatt,1,"Order was apparently clubbed with other orders by the Zepto team to earn more profit, due to which the order placed first was delivered last. The app showed a 5-minute delivery time, but the order arrived after nearly 30 minutes and only after repeated follow-ups. The support team was equally disappointing—they were not ready to take action or resolve the issue, and simply listened to the complaint and recorded it as feedback",2026-08-11 08:24:37,
Zepto,Seema Sharma,5,every Every good product,2026-08-11 08:24:03,26.8.2
Zepto,Akansha sethi,1,QUILRITRQ01224 rotten vegitable with live crawling insects delivered.,2026-08-11 08:21:14,26.8.2
Zepto,Reema Khamora,5,all good,2026-08-11 08:20:08,26.7.6
Zepto,Nirali panchal,5,Good quality in zepto and fresh groceries.,2026-08-11 08:16:57,26.7.6
Zepto,Bipin Kumar,1,not happy,2026-08-11 08:01:50,26.7.4
Zepto,Varsha Rani,5,ok,2026-08-11 07:36:37,
Zepto,Hazeena Tambaram Tambaram,5,"It's very nice app, and giving me the freedom going out for immediate needs, i could get almost all the house need. now a days prices are higher, and minimum purchase value also hiked.",2026-08-11 07:23:47,26.8.2
Zepto,Naresh Peeka,1,Not good packing,2026-08-11 07:19:49,26.8.2
Zepto,Anurag Singh,1,very good,2026-08-11 06:55:52,26.7.4
Zepto,HARSH SINGH PARIHAR (HSP),1,call them zepto looters. they deliver spilled milks in 10min. super fast looting services by zepto looters...enjoy faltu wala services... uninstalling looters app.......,2026-08-11 06:29:30,26.7.6
Zepto,Nandu Mosambe,5,good job,2026-08-11 06:13:20,26.7.6
Zepto,Tafseer Khan,5,good,2026-08-11 06:06:53,26.7.4
Zepto,Kamaraja S,3,if there any complent they are not solving that in the app it self they are saying that go to zepto custamer saport,2026-08-11 05:37:41,26.8.2
Zepto,Anna life style,5,super job,2026-08-11 05:19:33,
Zepto,shivam kumar,5,good,2026-08-11 03:31:22,26.8.2
Zepto,Chirag Khera,5,good,2026-08-11 02:44:32,26.7.3
Zepto,Aman Ahuja,1,fraud scammer zepto app...it must be removed from playstore,2026-08-11 02:31:54,26.8.2
Zepto,taanusree karmakar,1,"worst app for grocery buy, people purchase from here on their own risk cause once sold zepto won't take back /replace/exchange, even after delivering a expired product (tulsi leaves),they don't agree to take it back or exchange worth rupees 12,zepto will take an excuse of seller verification was ok, zepto and seller so close chemistry that zepto totally ignore customer like me and we loose money for their drama, worst app ever better go to other grocery apps ,they are far better",2026-08-11 02:11:53,26.8.2
Zepto,Suleman Khan,5,best app,2026-08-11 02:11:41,26.8.2
Zepto,catharine P s,5,very nice appp 🤭😚,2026-08-11 02:07:20,26.7.6
Zepto,Sairam Peratla,1,Very low integrity of the delivery folks. when the missing items are reported they wouldn't accept the incident. They are not interested in details.. So happy to uninstall the App.. enough of this mess,2026-08-11 01:46:26,
Zepto,Mr Kiran,5,good,2026-08-11 01:45:07,26.7.4
Zepto,Praval Kumar,2,"I have received the wrong product 3 TIMES IN A ROW from the Sector 34, Chandigarh seller. The seller keeps claiming that the “correct product” was delivered, but that is not true. I received a completely different product. What is even more concerning is that the delivery partners are not clicking clear photos of the product, yet those unclear images are apparently being used as proof that the correct product was delivered. This is no longer looking like a simple mistake.",2026-08-11 01:31:45,
Zepto,Kulsum Nadaf,5,very nice,2026-08-11 01:12:05,26.7.6
Zepto,Samir Khan,5,good 😊👍,2026-08-11 01:11:26,26.7.3
Zepto,Awneesh yadav,1,bad quality product seller. and cheats on dairy products,2026-08-11 01:03:53,26.7.6
Zepto,Shubham Verma,2,"removed 9 rupees store, bad move, hurt emotionally by removing 9 rupees store",2026-08-11 01:03:29,26.7.6
Zepto,Aditya Ganesh,1,"Cheated by Zepto, paid for 10 items, received 5. Support is silent. NCH complaint filed #scammer #zeptoscam #dontbuy",2026-08-11 00:49:34,26.4.3
Zepto,Kamal Agarwal,5,good,2026-08-11 00:40:43,26.7.1
Zepto,Usha rani Bandi,5,good fast delivery,2026-08-11 00:39:15,26.7.6
Zepto,Arpit,1,"too much ad, literally you can't trace the delivery guys , u gotta see ads first",2026-08-11 00:33:25,
Zepto,Mohammad Arfat,5,thank,2026-08-11 00:31:21,26.8.2
Zepto,Narayan Singh,5,fast delivery 🚚,2026-08-11 00:27:58,26.6.4
Zepto,Haider Ali,5,good Service,2026-08-11 00:25:50,26.8.2
Zepto,Ajay Ajay,1,this is really worst app for delivery,2026-08-11 00:21:26,
Zepto,Golu,5,👍,2026-08-11 00:20:38,26.7.6
Zepto,Kumar Shanth kumar,5,super 👍,2026-08-11 00:09:46,26.7.6
Zepto,Anita Chauhan,1,me isko kuch bhi star nai dena chata mene order kar saman ko saman Dene aya society ke andar or society se he chala gaya bina bina kuch diye please I want you will remove these disgusting delivery staf,2026-08-11 00:09:13,26.7.6
Zepto,Ram Suryvanshi,5,👌,2026-08-11 00:06:02,26.7.6
Zepto,Likhmichand Meena,5,good app,2026-08-11 00:03:08,26.7.6
Zepto,Chinni Punna,5,it's to good,2026-08-10 23:40:34,26.8.2
Zepto,Omkar Marathe,5,plz 1 free ice cream,2026-08-10 23:37:32,26.7.4
Zepto,Rakibul Mondal,5,bast for fast delivery 🚚👍,2026-08-10 23:33:01,26.8.2
Zepto,Gautam Bansode,5,To good 👍😊,2026-08-10 23:30:41,26.7.6
Zepto,Swashant Neeti Srivastava,1,this app is run by people who have hired cheap executives who dont even have sense to resolve issues. the order is promised to be delivered in 6 min and you get a call in 20 min saying that your entire order will be canceled as 3 items are missing. earlier it was always delivered and the pending items were not billed. pathetic situation as Zepto fails to perform. its better to keep cuatomers informed like blinkit does if the items are not there than cheating on them like Zepto did.,2026-08-10 23:27:40,26.8.2
Zepto,Shivam Rajput,4,fastest delivery app,2026-08-10 23:11:18,26.8.2
Zepto,Tarun Singh,5,Value-for-money,2026-08-10 23:10:34,26.7.4
Zepto,Ashish Paul,1,bad service,2026-08-10 23:05:42,
Zepto,Khyati Srivastava,1,pathetic app,2026-08-10 23:02:58,
Zepto,Rabecca,5,good app,2026-08-10 23:02:38,26.8.2
Zepto,Sudhanshu Jha,1,Very Poor services my order almost delay 1 hour how you say this is quick commerce site,2026-08-10 23:01:35,26.8.2
Zepto,Manoj Malik,5,good delivery boy,2026-08-10 23:01:11,26.7.6
Zepto,Umme Javeria,1,Bad experience with this app . as the delivery boy had to pay me Rs 150 . Instead he just transferred Rs 15 and vanished . tried reaching but every thing went in vain . no reply from customer support on app . There is no platform where we can raise our voice,2026-08-10 22:53:39,26.8.2
Zepto,Essam Shaikh,1,order not delivered app show is delivered order,2026-08-10 22:48:59,26.8.2
Zepto,CM Sharma,1,sabse bevkoof app.. don't go with this .. panwadi and bania is far better.. 1 ghanta ek chhoti si cheez k liye???,2026-08-10 22:48:31,
Zepto,Laxmi Kumari,4,good marketing app,2026-08-10 22:48:02,26.7.4
Zepto,Mahesh M,5,good 😊,2026-08-10 22:43:56,26.7.2
Zepto,Active Tools,5,good,2026-08-10 22:43:31,
Zepto,Manjunath Halin,5,super 👍,2026-08-10 22:42:16,26.7.4
Zepto,Swati Sharma,1,"zepto is a fraud company, one of my product was missing from the order..and they are not providing me refund. #Boycottzepto",2026-08-10 22:37:23,
Zepto,Aryan,1,"These guys have completely useless Help Section. They ask you to report the issue, upload the pictures and ask for description of the issue and then send you their email link to report the same issue again. Who would write a email for a simple order error and that too twice! What a fake Support System. Your rivals are much more efficient and faster in resolving the disputes.",2026-08-10 22:31:59,26.7.6
Zepto,Devang Patel,1,"DO NOT use Zepto Wallet! I placed a ₹149 order (Milk & Dahi) with free delivery. Milk was out of stock, so they changed my order without permission and only delivered Dahi. Because the order value dropped due to THEIR fault, they added a ₹30 delivery fee and deducted it directly from my Zepto wallet without my consent! In-app support gave useless, robotic replies and offered zero help. Never keep money in the Zepto prepaid wallet—they will take your money without asking!",2026-08-10 22:27:48,26.8.2
Zepto,settipalli gopi,5,good service,2026-08-10 22:17:47,26.8.2
Zepto,pranav tiwari,1,customer support is totally useless...I haven't received an item and they just kept denying replacement or refund..use Swiggy or blinkit instead,2026-08-10 22:06:41,26.7.6
Zepto,Ovi,1,The experience is very bad of this app 1. it takes too long for delivery,2026-08-10 22:05:04,26.7.6
Zepto,Neeraj Jangid,1,"zepto application s good, But Customer Support not good, Very Bad behaviour. I want to contact 10 Mail. but 1 problem not solving. only 1 answer Reached out. but 1 call not showing.",2026-08-10 22:04:28,26.8.2
Zepto,Suraj Yadav,5,very good,2026-08-10 22:04:09,26.7.6
Zepto,pavan jain,1,They are delivering rotten product and mentioning no return policy,2026-08-10 22:03:20,
Zepto,syed nadeem ahmad,5,goot tiem,2026-08-10 22:01:27,26.7.6
Zepto,Kirankumar Chary,5,nice 👍,2026-08-10 21:59:39,26.8.2
Zepto,Asrai M Satheesh,1,I encountered wrong delivery items twice and DELIVERED ITEMS MATCH THE ORDER LISTING is always the copy paste reply reply : I've already shared everything and the only reply I get is from your template AI that I am lying and the order items match the delivery,2026-08-10 21:58:21,
Zepto,Mohd Jishan,4,coloring nakhli aaithi bilkul bekar,2026-08-10 21:54:54,26.7.6
Zepto,anjum Chaudhary,1,they sent me expired items,2026-08-10 21:53:35,26.7.6
Zepto,Narander Pal,5,Good service 👍,2026-08-10 21:53:08,26.7.6
Zepto,suraj kumar,5,very nice 💯,2026-08-10 21:42:54,26.7.1
Zepto,Zubair Ansari,5,nice 👍,2026-08-10 21:39:47,25.10.4
Zepto,Rabbani Mukadam,5,perfect app for online shopping like groceries,2026-08-10 21:39:44,26.8.2
Zepto,Anju Singh,1,snapmint is a false organisation it scammed me I did not buy anything on EMI yet it is showing false EMI pay later I IS A SCAM APP I RECOMMEND NOT TO USE THIS APP THIS IS WASTE OF MONEY,2026-08-10 21:37:44,
Zepto,Shravan Jha,5,very good 👍,2026-08-10 21:32:34,26.8.2
Zepto,Sam Khan,5,nice app,2026-08-10 21:32:27,26.8.2
Zepto,naveen srivastava,5,good,2026-08-10 21:30:27,26.7.6
Zepto,Manoj Kumar,5,nice service,2026-08-10 21:29:12,26.7.4
Zepto,Rajath Kashyap,1,"worst app , takes payment , after the money is debited from my account it shows order not placed and refund initiated back to your account , I'd like to give 0 stars but no option for that , this is happening very frequently",2026-08-10 21:28:34,
Zepto,Anika Shukla,1,bad.referal option is not provided,2026-08-10 21:27:06,
Zepto,Samim Ansari,5,good,2026-08-10 21:25:10,26.5.5
Zepto,Ravi Jaiswal,5,Best sellers,2026-08-10 21:19:44,26.8.2
Zepto,Sanjay khandetod,4,very good experience,2026-08-10 21:15:50,26.6.4
Zepto,Vivek Sir,3,"it's good delivering at time but, it's delivering rotten items",2026-08-10 21:11:51,26.7.6
Zepto,PRADEEP DHENDE,5,just wow,2026-08-10 21:10:11,26.7.6
Zepto,Abhishek Shankhwar,3,fast delivery,2026-08-10 21:03:10,26.7.6
Zepto,Himanshu Gautam,4,excellent app,2026-08-10 21:03:06,26.7.6
Zepto,ragini tiwari,4,vry gd n trusted aap.....,2026-08-10 20:59:38,26.8.2
Zepto,Zarina Meman,1,"don't buy any milk products from zepto they have provided curdled milk and spoil icecreams, and it will create health issues be aware and customer service is zero 0",2026-08-10 20:58:25,26.7.1
Zepto,Raja Guru,5,good,2026-08-10 20:58:04,26.7.3
Zepto,mallika vishwas,1,don't buy any product from zepto very worst customer support and delivered a product with an empty box,2026-08-10 20:51:57,26.8.2
Zepto,kunql kumar,5,good 👍,2026-08-10 20:48:08,26.7.6
Zepto,Meet Patel,5,nice,2026-08-10 20:47:01,26.7.6
Zepto,Angat Roshan,1,the most overrated and disgusting app ever.... has no sense of time... even blinkit and big basket are far better than this,2026-08-10 20:39:10,26.7.4
Zepto,sonu brahmbhatt,5,👍🏻,2026-08-10 20:38:20,26.7.6
Zepto,Mekala Priyanka,5,excellent,2026-08-10 20:36:47,26.7.6
Zepto,Prajwal Devaiah,1,"scamming with wrong items, damaged items,expired items and delay in delivery",2026-08-10 20:36:26,26.7.6
Zepto,Tofiq Qureshi,5,zepto very nice very good aap and Best price,2026-08-10 20:30:04,
Zepto,Hariom kumar,1,the worst app it does not give refund on damaged product. it only have e mail system which only says that the product is good before sending to you.,2026-08-10 20:28:38,26.5.2
Zepto,Sangeta,5,this is very good app please download it it makes our work easy 💞💞🙏🏻🙏🏻🙏🏻💞💞💞💞💞💞💞💞💞💞,2026-08-10 20:28:01,26.7.6
Zepto,Rahul Sharma,1,one of the wrost app which is used for Instant delivery till now..,2026-08-10 20:24:12,26.7.6
Zepto,Yash Ghatiya,1,"Delivery windows are a joke, it always takes three times longer than they promise",2026-08-10 20:20:49,26.7.2
Zepto,shagufta yasin,5,fast delivery,2026-08-10 20:13:45,26.8.2
Zepto,Sneh Lata,2,try to improve your quality of product,2026-08-10 20:11:15,26.7.6
Zepto,Rakhi Ajay,1,"Zepto ki non-return policy ekdum bakwaas aur customer ke saath unfair hai. Damaged product bhejna aapki galti hai, lekin us damaged product ka solution na dena bhi customer ki hi problem bana di? Wah, kya logic hai! 🤦🏻‍♀️ Product order karte waqt paise turant le loge, delivery bhi turant kar doge, lekin jab customer ko damaged maal milta hai to return/refund ke naam par policy dikha kar haath khade kar doge. Customer koi kachra kharidne ke liye paise nahi deta.",2026-08-10 19:57:56,
Zepto,Kshrija Gill,2,worst experience they are not providing any customer support they cancelled the exchange by themself.,2026-08-10 19:57:15,26.8.2
Zepto,Harikesh Kumar,5,exlent,2026-08-10 19:55:36,26.8.2
Zepto,Vanshita Rajput,5,it's very useful for me and fast delivery without any extra charges that's great 👍,2026-08-10 19:55:26,26.7.6
Zepto,Lokesh Lokesh,5,good,2026-08-10 19:48:35,26.6.1
Zepto,Huzaif Konda,1,"Zepto return policy is not good, I returned the product to the delivery boy, still these people did not give me the refund till now, such a fake app Zepto",2026-08-10 19:47:39,26.8.2
Zepto,Rohan Negi,1,worst app the delivery driver started abusing me for being late,2026-08-10 19:45:45,26.8.2
Zepto,Sayan Nandi,5,good,2026-08-10 19:43:39,26.8.2
Zepto,jaspreet singh,1,very bad customer service,2026-08-10 19:35:18,26.8.2
Zepto,Shubham sharma,5,great service,2026-08-10 19:29:36,26.8.2
Zepto,Prashant Salve,1,so bad,2026-08-10 19:29:19,26.7.6
Zepto,BARBADI 444 GEMING,5,👌👌👌🥰🥰🥰,2026-08-10 19:29:00,26.7.6
Zepto,Reetika Kumari,5,free delivery should be at INR 99,2026-08-10 19:09:31,26.7.6
Zepto,Tanish Pathak,5,loved 💕,2026-08-10 19:06:35,26.8.2
Zepto,Vinay Yadav,5,zepto grocery app is very good app and all product is very good quality and and cheap price and fast delivery service thanks zepto 🙂🙂🙂👍👍,2026-08-10 18:59:18,26.7.6
Zepto,Vivan Chaurasiya,1,ab ye log platform fee mang rhe hai koi mat kharidna is app se extra 40 le rhe hai,2026-08-10 18:53:58,
Zepto,Harika Padakanti,1,very bad i got damaged product delivered and not even giving proper response not even a replacement is provided very bad experience very bad executives never order from this app better to order from blinkit or instamarr,2026-08-10 18:47:23,26.7.6
Zepto,Perla Saikishore,1,very bad zepto is playing the scams don't use this application. the customer care also very very bad. the delivery persons are soo fraud don't believe this application. I am requesting to the government remove this fraud and scam apps.,2026-08-10 18:46:39,26.8.2
Zepto,Anjali Singh,1,help section useless. They are not able to help,2026-08-10 18:38:10,26.7.6
Zepto,Shaik Abid,5,good 👍,2026-08-10 18:34:55,26.7.6
Zepto,Akshay Sattu,5,worst experience,2026-08-10 18:34:42,26.8.2
Zepto,Hiranya Hazarika,5,good,2026-08-10 18:24:15,26.7.2
Zepto,somy mukherjee,1,recently purchased cloth drying stand it came defective and no one is there to help in name of customer service they have chat bots who doesn't understand the querry this is pathetic,2026-08-10 18:21:54,
